date,World,Afghanistan,Albania,Algeria,Andorra,Angola,Anguilla,Antigua and Barbuda,Argentina,Armenia,Aruba,Australia,Austria,Azerbaijan,Bahamas,Bahrain,Bangladesh,Barbados,Belarus,Belgium,Belize,Benin,Bermuda,Bhutan,Bolivia,Bonaire Sint Eustatius and Saba,Bosnia and Herzegovina,Botswana,Brazil,British Virgin Islands,Brunei,Bulgaria,Burkina Faso,Burundi,Cambodia,Cameroon,Canada,Cape Verde,Cayman Islands,Central African Republic,Chad,Chile,China,Colombia,Congo,Costa Rica,Cote d'Ivoire,Croatia,Cuba,Curacao,Cyprus,Czech Republic,Democratic Republic of Congo,Denmark,Djibouti,Dominica,Dominican Republic,Ecuador,Egypt,El Salvador,Equatorial Guinea,Eritrea,Estonia,Ethiopia,Faeroe Islands,Fiji,Finland,France,French Polynesia,Gabon,Gambia,Georgia,Germany,Ghana,Gibraltar,Greece,Greenland,Grenada,Guam,Guatemala,Guernsey,Guinea,Guinea-Bissau,Guyana,Haiti,Honduras,Hungary,Iceland,India,Indonesia,International,Iran,Iraq,Ireland,Isle of Man,Israel,Italy,Jamaica,Japan,Jersey,Jordan,Kazakhstan,Kenya,Kosovo,Kuwait,Kyrgyzstan,Laos,Latvia,Lebanon,Liberia,Libya,Liechtenstein,Lithuania,Luxembourg,Macedonia,Madagascar,Malawi,Malaysia,Maldives,Mali,Malta,Mauritania,Mauritius,Mexico,Moldova,Monaco,Mongolia,Montenegro,Montserrat,Morocco,Mozambique,Myanmar,Namibia,Nepal,Netherlands,New Caledonia,New Zealand,Nicaragua,Niger,Nigeria,Northern Mariana Islands,Norway,Oman,Pakistan,Palestine,Panama,Papua New Guinea,Paraguay,Peru,Philippines,Poland,Portugal,Puerto Rico,Qatar,Romania,Russia,Rwanda,Saint Barthlemy,Saint Kitts and Nevis,Saint Lucia,Saint Vincent and the Grenadines,San Marino,Saudi Arabia,Senegal,Serbia,Seychelles,Sierra Leone,Singapore,Sint Maarten (Dutch part),Slovakia,Slovenia,Somalia,South Africa,South Korea,Spain,Sri Lanka,Sudan,Suriname,Swaziland,Sweden,Switzerland,Syria,Taiwan,Tanzania,Thailand,Timor,Togo,Trinidad and Tobago,Tunisia,Turkey,Turks and Caicos Islands,Uganda,Ukraine,United Arab Emirates,United Kingdom,United States,United States Virgin Islands,Uruguay,Uzbekistan,Vatican,Venezuela,Vietnam,Zambia,Zimbabwe
2019-12-31,27,0,,0,,,,,,0,,0,0,0,,0,,,0,0,,,,,,,,,0,,,,,,0,,0,,,,,,27,,,,,0,,,,0,,0,,,0,0,0,,,,0,,,,0,0,,,,0,0,,,0,,,,,,,,,,,,0,0,0,0,0,0,0,,0,0,,0,,,,,,0,,,,0,,,,0,0,0,,,0,,,,,,0,,0,,,,,,,,0,0,,0,,,0,,0,0,0,,,,,,0,,,,0,0,0,,,,,,0,,,,,,0,,,,,,0,0,0,,,,0,0,,0,,0,,,,,,,,,0,0,0,,,,,,0,,
2020-01-01,27,0,,0,,,,,,0,,0,0,0,,0,,,0,0,,,,,,,,,0,,,,,,0,,0,,,,,,27,,,,,0,,,,0,,0,,,0,0,0,,,,0,,,,0,0,,,,0,0,,,0,,,,,,,,,,,,0,0,0,0,0,0,0,,0,0,,0,,,,,,0,,,,0,,,,0,0,0,,,0,,,,,,0,,0,,,,,,,,0,0,,0,,,0,,0,0,0,,,,,,0,,,,0,0,0,,,,,,0,,,,,,0,,,,,,0,0,0,,,,0,0,,0,,0,,,,,,,,,0,0,0,,,,,,0,,
2020-01-02,27,0,,0,,,,,,0,,0,0,0,,0,,,0,0,,,,,,,,,0,,,,,,0,,0,,,,,,27,,,,,0,,,,0,,0,,,0,0,0,,,,0,,,,0,0,,,,0,0,,,0,,,,,,,,,,,,0,0,0,0,0,0,0,,0,0,,0,,,,,,0,,,,0,,,,0,0,0,,,0,,,,,,0,,0,,,,,,,,0,0,,0,,,0,,0,0,0,,,,,,0,,,,0,0,0,,,,,,0,,,,,,0,,,,,,0,0,0,,,,0,0,,0,,0,,,,,,,,,0,0,0,,,,,,0,,
2020-01-03,44,0,,0,,,,,,0,,0,0,0,,0,,,0,0,,,,,,,,,0,,,,,,0,,0,,,,,,44,,,,,0,,,,0,,0,,,0,0,0,,,,0,,,,0,0,,,,0,0,,,0,,,,,,,,,,,,0,0,0,0,0,0,0,,0,0,,0,,,,,,0,,,,0,,,,0,0,0,,,0,,,,,,0,,0,,,,,,,,0,0,,0,,,0,,0,0,0,,,,,,0,,,,0,0,0,,,,,,0,,,,,,0,,,,,,0,0,0,,,,0,0,,0,,0,,,,,,,,,0,0,0,,,,,,0,,
2020-01-04,44,0,,0,,,,,,0,,0,0,0,,0,,,0,0,,,,,,,,,0,,,,,,0,,0,,,,,,44,,,,,0,,,,0,,0,,,0,0,0,,,,0,,,,0,0,,,,0,0,,,0,,,,,,,,,,,,0,0,0,0,0,0,0,,0,0,,0,,,,,,0,,,,0,,,,0,0,0,,,0,,,,,,0,,0,,,,,,,,0,0,,0,,,0,,0,0,0,,,,,,0,,,,0,0,0,,,,,,0,,,,,,0,,,,,,0,0,0,,,,0,0,,0,,0,,,,,,,,,0,0,0,,,,,,0,,
2020-01-05,59,0,,0,,,,,,0,,0,0,0,,0,,,0,0,,,,,,,,,0,,,,,,0,,0,,,,,,59,,,,,0,,,,0,,0,,,0,0,0,,,,0,,,,0,0,,,,0,0,,,0,,,,,,,,,,,,0,0,0,0,0,0,0,,0,0,,0,,,,,,0,,,,0,,,,0,0,0,,,0,,,,,,0,,0,,,,,,,,0,0,,0,,,0,,0,0,0,,,,,,0,,,,0,0,0,,,,,,0,,,,,,0,,,,,,0,0,0,,,,0,0,,0,,0,,,,,,,,,0,0,0,,,,,,0,,
2020-01-06,59,0,,0,,,,,,0,,0,0,0,,0,,,0,0,,,,,,,,,0,,,,,,0,,0,,,,,,59,,,,,0,,,,0,,0,,,0,0,0,,,,0,,,,0,0,,,,0,0,,,0,,,,,,,,,,,,0,0,0,0,0,0,0,,0,0,,0,,,,,,0,,,,0,,,,0,0,0,,,0,,,,,,0,,0,,,,,,,,0,0,,0,,,0,,0,0,0,,,,,,0,,,,0,0,0,,,,,,0,,,,,,0,,,,,,0,0,0,,,,0,0,,0,,0,,,,,,,,,0,0,0,,,,,,0,,
2020-01-07,59,0,,0,,,,,,0,,0,0,0,,0,,,0,0,,,,,,,,,0,,,,,,0,,0,,,,,,59,,,,,0,,,,0,,0,,,0,0,0,,,,0,,,,0,0,,,,0,0,,,0,,,,,,,,,,,,0,0,0,0,0,0,0,,0,0,,0,,,,,,0,,,,0,,,,0,0,0,,,0,,,,,,0,,0,,,,,,,,0,0,,0,,,0,,0,0,0,,,,,,0,,,,0,0,0,,,,,,0,,,,,,0,,,,,,0,0,0,,,,0,0,,0,,0,,,,,,,,,0,0,0,,,,,,0,,
2020-01-08,59,0,,0,,,,,,0,,0,0,0,,0,,,0,0,,,,,,,,,0,,,,,,0,,0,,,,,,59,,,,,0,,,,0,,0,,,0,0,0,,,,0,,,,0,0,,,,0,0,,,0,,,,,,,,,,,,0,0,0,0,0,0,0,,0,0,,0,,,,,,0,,,,0,,,,0,0,0,,,0,,,,,,0,,0,,,,,,,,0,0,,0,,,0,,0,0,0,,,,,,0,,,,0,0,0,,,,,,0,,,,,,0,,,,,,0,0,0,,,,0,0,,0,,0,,,,,,,,,0,0,0,,,,,,0,,
2020-01-09,59,0,,0,,,,,,0,,0,0,0,,0,,,0,0,,,,,,,,,0,,,,,,0,,0,,,,,,59,,,,,0,,,,0,,0,,,0,0,0,,,,0,,,,0,0,,,,0,0,,,0,,,,,,,,,,,,0,0,0,0,0,0,0,,0,0,,0,,,,,,0,,,,0,,,,0,0,0,,,0,,,,,,0,,0,,,,,,,,0,0,,0,,,0,,0,0,0,,,,,,0,,,,0,0,0,,,,,,0,,,,,,0,,,,,,0,0,0,,,,0,0,,0,,0,,,,,,,,,0,0,0,,,,,,0,,
2020-01-10,59,0,,0,,,,,,0,,0,0,0,,0,,,0,0,,,,,,,,,0,,,,,,0,,0,,,,,,59,,,,,0,,,,0,,0,,,0,0,0,,,,0,,,,0,0,,,,0,0,,,0,,,,,,,,,,,,0,0,0,0,0,0,0,,0,0,,0,,,,,,0,,,,0,,,,0,0,0,,,0,,,,,,0,,0,,,,,,,,0,0,,0,,,0,,0,0,0,,,,,,0,,,,0,0,0,,,,,,0,,,,,,0,,,,,,0,0,0,,,,0,0,,0,,0,,,,,,,,,0,0,0,,,,,,0,,
2020-01-11,59,0,,0,,,,,,0,,0,0,0,,0,,,0,0,,,,,,,,,0,,,,,,0,,0,,,,,,59,,,,,0,,,,0,,0,,,0,0,0,,,,0,,,,0,0,,,,0,0,,,0,,,,,,,,,,,,0,0,0,0,0,0,0,,0,0,,0,,,,,,0,,,,0,,,,0,0,0,,,0,,,,,,0,,0,,,,,,,,0,0,,0,,,0,,0,0,0,,,,,,0,,,,0,0,0,,,,,,0,,,,,,0,,,,,,0,0,0,,,,0,0,,0,,0,,,,,,,,,0,0,0,,,,,,0,,
2020-01-12,59,0,,0,,,,,,0,,0,0,0,,0,,,0,0,,,,,,,,,0,,,,,,0,,0,,,,,,59,,,,,0,,,,0,,0,,,0,0,0,,,,0,,,,0,0,,,,0,0,,,0,,,,,,,,,,,,0,0,0,0,0,0,0,,0,0,,0,,,,,,0,,,,0,,,,0,0,0,,,0,,,,,,0,,0,,,,,,,,0,0,,0,,,0,,0,0,0,,,,,,0,,,,0,0,0,,,,,,0,,,,,,0,,,,,,0,0,0,,,,0,0,,0,,0,,,,,,,,,0,0,0,,,,,,0,,
2020-01-13,60,0,,0,,,,,,0,,0,0,0,,0,,,0,0,,,,,,,,,0,,,,,,0,,0,,,,,,59,,,,,0,,,,0,,0,,,0,0,0,,,,0,,,,0,0,,,,0,0,,,0,,,,,,,,,,,,0,0,0,0,0,0,0,,0,0,,0,,,,,,0,,,,0,,,,0,0,0,,,0,,,,,,0,,0,,,,,,,,0,0,,0,,,0,,0,0,0,,,,,,0,,,,0,0,0,,,,,,0,,,,,,0,,,,,,0,0,0,,,,0,0,,0,,1,,,,,,,,,0,0,0,,,,,,0,,
2020-01-14,60,0,,0,,,,,,0,,0,0,0,,0,,,0,0,,,,,,,,,0,,,,,,0,,0,,,,,,59,,,,,0,,,,0,,0,,,0,0,0,,,,0,,,,0,0,,,,0,0,,,0,,,,,,,,,,,,0,0,0,0,0,0,0,,0,0,,0,,,,,,0,,,,0,,,,0,0,0,,,0,,,,,,0,,0,,,,,,,,0,0,,0,,,0,,0,0,0,,,,,,0,,,,0,0,0,,,,,,0,,,,,,0,,,,,,0,0,0,,,,0,0,,0,,1,,,,,,,,,0,0,0,,,,,,0,,
2020-01-15,61,0,,0,,,,,,0,,0,0,0,,0,,,0,0,,,,,,,,,0,,,,,,0,,0,,,,,,59,,,,,0,,,,0,,0,,,0,0,0,,,,0,,,,0,0,,,,0,0,,,0,,,,,,,,,,,,0,0,0,0,0,0,0,,0,0,,1,,,,,,0,,,,0,,,,0,0,0,,,0,,,,,,0,,0,,,,,,,,0,0,,0,,,0,,0,0,0,,,,,,0,,,,0,0,0,,,,,,0,,,,,,0,,,,,,0,0,0,,,,0,0,,0,,1,,,,,,,,,0,0,0,,,,,,0,,
2020-01-16,61,0,,0,,,,,,0,,0,0,0,,0,,,0,0,,,,,,,,,0,,,,,,0,,0,,,,,,59,,,,,0,,,,0,,0,,,0,0,0,,,,0,,,,0,0,,,,0,0,,,0,,,,,,,,,,,,0,0,0,0,0,0,0,,0,0,,1,,,,,,0,,,,0,,,,0,0,0,,,0,,,,,,0,,0,,,,,,,,0,0,,0,,,0,,0,0,0,,,,,,0,,,,0,0,0,,,,,,0,,,,,,0,,,,,,0,0,0,,,,0,0,,0,,1,,,,,,,,,0,0,0,,,,,,0,,
2020-01-17,66,0,,0,,,,,,0,,0,0,0,,0,,,0,0,,,,,,,,,0,,,,,,0,,0,,,,,,63,,,,,0,,,,0,,0,,,0,0,0,,,,0,,,,0,0,,,,0,0,,,0,,,,,,,,,,,,0,0,0,0,0,0,0,,0,0,,1,,,,,,0,,,,0,,,,0,0,0,,,0,,,,,,0,,0,,,,,,,,0,0,,0,,,0,,0,0,0,,,,,,0,,,,0,0,0,,,,,,0,,,,,,0,,,,,,0,0,0,,,,0,0,,0,,2,,,,,,,,,0,0,0,,,,,,0,,
2020-01-18,83,0,,0,,,,,,0,,0,0,0,,0,,,0,0,,,,,,,,,0,,,,,,0,,0,,,,,,80,,,,,0,,,,0,,0,,,0,0,0,,,,0,,,,0,0,,,,0,0,,,0,,,,,,,,,,,,0,0,0,0,0,0,0,,0,0,,1,,,,,,0,,,,0,,,,0,0,0,,,0,,,,,,0,,0,,,,,,,,0,0,,0,,,0,,0,0,0,,,,,,0,,,,0,0,0,,,,,,0,,,,,,0,,,,,,0,0,0,,,,0,0,,0,,2,,,,,,,,,0,0,0,,,,,,0,,
2020-01-19,219,0,,0,,,,,,0,,0,0,0,,0,,,0,0,,,,,,,,,0,,,,,,0,,0,,,,,,216,,,,,0,,,,0,,0,,,0,0,0,,,,0,,,,0,0,,,,0,0,,,0,,,,,,,,,,,,0,0,0,0,0,0,0,,0,0,,1,,,,,,0,,,,0,,,,0,0,0,,,0,,,,,,0,,0,,,,,,,,0,0,,0,,,0,,0,0,0,,,,,,0,,,,0,0,0,,,,,,0,,,,,,0,,,,,,0,0,0,,,,0,0,,0,,2,,,,,,,,,0,0,0,,,,,,0,,
2020-01-20,239,0,,0,,,,,,0,,0,0,0,,0,,,0,0,,,,,,,,,0,,,,,,0,,0,,,,,,235,,,,,0,,,,0,,0,,,0,0,0,,,,0,,,,0,0,,,,0,0,,,0,,,,,,,,,,,,0,0,0,0,0,0,0,,0,0,,1,,,,,,0,,,,0,,,,0,0,0,,,0,,,,,,0,,0,,,,,,,,0,0,,0,,,0,,0,0,0,,,,,,0,,,,0,0,0,,,,,,0,,,,,,0,,,,,,1,0,0,,,,0,0,,0,,2,,,,,,,,,0,0,0,,,,,,0,,
2020-01-21,392,0,,0,,,,,,0,,0,0,0,,0,,,0,0,,,,,,,,,0,,,,,,0,,0,,,,,,386,,,,,0,,,,0,,0,,,0,0,0,,,,0,,,,0,0,,,,0,0,,,0,,,,,,,,,,,,0,0,0,0,0,0,0,,0,0,,1,,,,,,0,,,,0,,,,0,0,0,,,0,,,,,,0,,0,,,,,,,,0,0,,0,,,0,,0,0,0,,,,,,0,,,,0,0,0,,,,,,0,,,,,,0,,,,,,1,0,0,,,,0,0,,1,,2,,,,,,,,,0,0,1,,,,,,0,,
2020-01-22,534,0,,0,,,,,,0,,0,0,0,,0,,,0,0,,,,,,,,,0,,,,,,0,,0,,,,,,526,,,,,0,,,,0,,0,,,0,0,0,,,,0,,,,0,0,,,,0,0,,,0,,,,,,,,,,,,0,0,0,0,0,0,0,,0,0,,1,,,,,,0,,,,0,,,,0,0,0,,,0,,,,,,0,,0,,,,,,,,0,0,,0,,,0,,0,0,0,,,,,,0,,,,0,0,0,,,,,,0,,,,,,0,,,,,,1,0,0,,,,0,0,,1,,4,,,,,,,,,0,0,1,,,,,,0,,
2020-01-23,631,0,,0,,,,,,0,,0,0,0,,0,,,0,0,,,,,,,,,0,,,,,,0,,0,,,,,,623,,,,,0,,,,0,,0,,,0,0,0,,,,0,,,,0,0,,,,0,0,,,0,,,,,,,,,,,,0,0,0,0,0,0,0,,0,0,,1,,,,,,0,,,,0,,,,0,0,0,,,0,,,,,,0,,0,,,,,,,,0,0,,0,,,0,,0,0,0,,,,,,0,,,,0,0,0,,,,,,0,,,,,,0,,,,,,1,0,0,,,,0,0,,1,,4,,,,,,,,,0,0,1,,,,,,0,,
2020-01-24,897,0,,0,,,,,,0,,0,0,0,,0,,,0,0,,,,,,,,,0,,,,,,0,,0,,,,,,882,,,,,0,,,,0,,0,,,0,0,0,,,,0,,,,0,0,,,,0,0,,,0,,,,,,,,,,,,0,0,0,0,0,0,0,,0,0,,2,,,,,,0,,,,0,,,,0,0,0,,,0,,,,,,0,,0,,,,,,,,0,0,,0,,,0,,0,0,0,,,,,,0,,,,0,0,0,,,,,,0,,,,,,3,,,,,,2,0,0,,,,0,0,,1,,4,,,,,,,,,0,0,1,,,,,,2,,
2020-01-25,1350,0,,0,,,,,,0,,1,0,0,,0,,,0,0,,,,,,,,,0,,,,,,0,,0,,,,,,1323,,,,,0,,,,0,,0,,,0,0,0,,,,0,,,,0,3,,,,0,0,,,0,,,,,,,,,,,,0,0,0,0,0,0,0,,0,0,,2,,,,,,0,,,,0,,,,0,0,0,,,3,,,,,,0,,0,,,,,,,,1,0,,0,,,0,,0,0,0,,,,,,0,,,,0,0,0,,,,,,0,,,,,,3,,,,,,2,0,0,,,,0,0,,3,,5,,,,,,,,,0,0,2,,,,,,2,,
2020-01-26,2023,0,,0,,,,,,0,,4,0,0,,0,,,0,0,,,,,,,,,0,,,,,,0,,1,,,,,,1988,,,,,0,,,,0,,0,,,0,0,0,,,,0,,,,0,3,,,,0,0,,,0,,,,,,,,,,,,0,0,0,0,0,0,0,,0,0,,3,,,,,,0,,,,0,,,,0,0,0,,,4,,,,,,0,,0,,,,,,,,1,0,,0,,,0,,0,0,0,,,,,,0,,,,0,0,0,,,,,,0,,,,,,4,,,,,,3,0,0,,,,0,0,,3,,5,,,,,,,,,0,0,2,,,,,,2,,
2020-01-27,2820,0,,0,,,,,,0,,4,0,0,,0,,,0,0,,,,,,,,,0,,,,,,0,,1,,,,,,2775,,,,,0,,,,0,,0,,,0,0,0,,,,0,,,,0,3,,,,0,0,,,0,,,,,,,,,,,,0,0,0,0,0,0,0,,0,0,,3,,,,,,0,,,,0,,,,0,0,0,,,4,,,,,,0,,0,,,,,,,,1,0,,0,,,0,,0,0,0,,,,,,0,,,,0,0,0,,,,,,0,,,,,,4,,,,,,4,0,0,,,,0,0,,5,,8,,,,,,,,,1,0,5,,,,,,2,,
2020-01-28,4587,0,,0,,,,,,0,,4,0,0,,0,,,0,0,,,,,,,,,0,,,,,,1,,2,,,,,,4528,,,,,0,,,,0,,0,,,0,0,0,,,,0,,,,0,3,,,,0,1,,,0,,,,,,,,,,,,0,0,0,0,0,0,0,,0,0,,4,,,,,,0,,,,0,,,,0,0,0,,,4,,,,,,0,,0,,,,,,,,1,0,,0,,,0,,0,0,0,,,,,,0,,,,0,0,0,,,,,,0,,,,,,5,,,,,,4,0,1,,,,0,0,,7,,14,,,,,,,,,1,0,5,,,,,,2,,
2020-01-29,6067,0,,0,,,,,,0,,4,0,0,,0,,,0,0,,,,,,,,,0,,,,,,1,,3,,,,,,5994,,,,,0,,,,0,,0,,,0,0,0,,,,0,,,,0,4,,,,0,4,,,0,,,,,,,,,,,,0,0,0,0,0,0,0,,0,0,,7,,,,,,0,,,,0,,,,0,0,0,,,7,,,,,,0,,0,,,,,,,,1,0,,0,,,0,,0,0,0,,,,,,0,,,,0,0,0,,,,,,0,,,,,,7,,,,,,4,0,1,,,,0,0,,8,,14,,,,,,,,,1,0,5,,,,,,2,,
2020-01-30,7823,0,,0,,,,,,0,,6,0,0,,0,,,0,0,,,,,,,,,0,,,,,,1,,3,,,,,,7734,,,,,0,,,,0,,0,,,0,0,0,,,,0,,,,1,5,,,,0,4,,,0,,,,,,,,,,,,0,1,0,0,0,0,0,,0,0,,11,,,,,,0,,,,0,,,,0,0,0,,,7,,,,,,0,,0,,,,,,,,1,0,,0,,,0,,0,0,0,,,,,,1,,,,0,0,0,,,,,,0,,,,,,10,,,,,,4,0,1,,,,0,0,,8,,14,,,,,,,,,4,0,5,,,,,,2,,
2020-01-31,9826,0,,0,,,,,,0,,7,0,0,,0,,,0,0,,,,,,,,,0,,,,,,1,,3,,,,,,9714,,,,,0,,,,0,,0,,,0,0,0,,,,0,,,,1,6,,,,0,5,,,0,,,,,,,,,,,,0,1,0,0,0,0,0,,0,3,,14,,,,,,0,,,,0,,,,0,0,0,,,8,,,,,,0,,0,,,,,,,,1,0,,0,,,0,,0,0,0,,,,,,1,,,,0,0,0,,,,,,0,,,,,,13,,,,,,7,0,1,,,,0,0,,9,,14,,,,,,,,,4,2,6,,,,,,5,,
2020-02-01,11946,0,,0,,,,,,0,,9,0,0,,0,,,0,0,,,,,,,,,0,,,,,,1,,4,,,,,,11809,,,,,0,,,,0,,0,,,0,0,0,,,,0,,,,1,6,,,,0,7,,,0,,,,,,,,,,,,0,1,0,0,0,0,0,,0,3,,15,,,,,,0,,,,0,,,,0,0,0,,,8,,,,,,0,,0,,,,,,,,1,0,,0,,,0,,0,0,0,,,,,,1,,,,0,0,2,,,,,,0,,,,,,16,,,,,,12,1,1,,,,1,0,,10,,19,,,,,,,,,4,2,7,,,,,,5,,
2020-02-02,14554,0,,0,,,,,,0,,11,0,0,,0,,,0,0,,,,,,,,,0,,,,,,1,,4,,,,,,14399,,,,,0,,,,0,,0,,,0,0,0,,,,0,,,,1,6,,,,0,8,,,0,,,,,,,,,,,,0,2,0,0,0,0,0,,0,3,,19,,,,,,0,,,,0,,,,0,0,0,,,8,,,,,,0,,0,,,,,,,,1,0,,0,,,0,,0,0,0,,,,,,2,,,,0,0,2,,,,,,0,,,,,,18,,,,,,15,1,1,,,,1,0,,10,,19,,,,,,,,,5,2,8,,,,,,7,,
2020-02-03,17372,0,,0,,,,,,0,,11,0,0,,0,,,0,0,,,,,,,,,0,,,,,,1,,4,,,,,,17211,,,,,0,,,,0,,0,,,0,0,0,,,,0,,,,1,6,,,,0,9,,,0,,,,,,,,,,,,0,2,0,0,0,0,0,,0,3,,20,,,,,,0,,,,0,,,,0,0,0,,,8,,,,,,0,,0,,,,,,,,1,0,,0,,,0,,0,0,0,,,,,,2,,,,0,0,2,,,,,,0,,,,,,18,,,,,,15,1,1,,,,1,0,,10,,19,,,,,,,,,5,2,11,,,,,,8,,
2020-02-04,20615,0,,0,,,,,,0,,11,0,0,,0,,,0,1,,,,,,,,,0,,,,,,1,,4,,,,,,20448,,,,,0,,,,0,,0,,,0,0,0,,,,0,,,,1,6,,,,0,11,,,0,,,,,,,,,,,,0,3,0,0,0,0,0,,0,3,,20,,,,,,0,,,,0,,,,0,0,0,,,8,,,,,,0,,0,,,,,,,,1,0,,0,,,0,,0,0,0,,,,,,2,,,,0,0,2,,,,,,0,,,,,,18,,,,,,16,1,1,,,,1,0,,10,,19,,,,,,,,,5,2,11,,,,,,9,,
2020-02-05,24522,0,,0,,,,,,0,,12,0,0,,0,,,0,1,,,,,,,,,0,,,,,,1,,5,,,,,,24320,,,,,0,,,,0,,0,,,0,0,0,,,,0,,,,1,6,,,,0,11,,,0,,,,,,,,,,,,0,3,0,10,0,0,0,,0,3,,25,,,,,,0,,,,0,,,,0,0,0,,,10,,,,,,0,,0,,,,,,,,1,0,,0,,,0,,0,0,0,,,,,,2,,,,0,0,2,,,,,,0,,,,,,24,,,,,,18,1,1,,,,1,0,,11,,25,,,,,,,,,5,2,11,,,,,,10,,
2020-02-06,28273,0,,0,,,,,,0,,13,0,0,,0,,,0,1,,,,,,,,,0,,,,,,1,,5,,,,,,28047,,,,,0,,,,0,,0,,,0,0,0,,,,0,,,,1,6,,,,0,11,,,0,,,,,,,,,,,,0,3,0,20,0,0,0,,0,3,,25,,,,,,0,,,,0,,,,0,0,0,,,12,,,,,,0,,0,,,,,,,,1,0,,0,,,0,,0,0,0,,,,,,3,,,,0,0,2,,,,,,0,,,,,,28,,,,,,23,1,1,,,,1,0,,11,,25,,,,,,,,,5,2,12,,,,,,10,,
2020-02-07,31491,0,,0,,,,,,0,,14,0,0,,0,,,0,1,,,,,,,,,0,,,,,,1,,7,,,,,,31207,,,,,0,,,,0,,0,,,0,0,0,,,,0,,,,1,6,,,,0,12,,,0,,,,,,,,,,,,0,3,0,61,0,0,0,,0,3,,25,,,,,,0,,,,0,,,,0,0,0,,,14,,,,,,0,,0,,,,,,,,1,0,,0,,,0,,0,0,0,,,,,,3,,,,0,0,2,,,,,,0,,,,,,30,,,,,,24,1,1,,,,1,0,,16,,25,,,,,,,,,5,3,12,,,,,,12,,
2020-02-08,34933,0,,0,,,,,,0,,14,0,0,,0,,,0,1,,,,,,,,,0,,,,,,1,,7,,,,,,34625,,,,,0,,,,0,,0,,,0,0,0,,,,0,,,,1,11,,,,0,13,,,0,,,,,,,,,,,,0,3,0,64,0,0,0,,0,3,,25,,,,,,0,,,,0,,,,0,0,0,,,15,,,,,,0,,0,,,,,,,,1,0,,0,,,0,,0,0,0,,,,,,3,,,,0,0,2,,,,,,0,,,,,,33,,,,,,24,1,1,,,,1,0,,17,,32,,,,,,,,,7,3,12,,,,,,13,,
2020-02-09,37552,0,,0,,,,,,0,,14,0,0,,0,,,0,1,,,,,,,,,0,,,,,,1,,7,,,,,,37232,,,,,0,,,,0,,0,,,0,0,0,,,,0,,,,1,11,,,,0,13,,,0,,,,,,,,,,,,0,3,0,64,0,0,0,,0,3,,25,,,,,,0,,,,0,,,,0,0,0,,,16,,,,,,0,,0,,,,,,,,1,0,,0,,,0,,0,0,0,,,,,,3,,,,0,0,2,,,,,,0,,,,,,40,,,,,,25,1,1,,,,1,0,,18,,32,,,,,,,,,7,4,12,,,,,,14,,
2020-02-10,40540,0,,0,,,,,,0,,14,0,0,,0,,,0,1,,,,,,,,,0,,,,,,1,,7,,,,,,40206,,,,,0,,,,0,,0,,,0,0,0,,,,0,,,,1,11,,,,0,13,,,0,,,,,,,,,,,,0,3,0,70,0,0,0,,0,3,,25,,,,,,0,,,,0,,,,0,0,0,,,18,,,,,,0,,0,,,,,,,,1,0,,0,,,0,,0,0,0,,,,,,3,,,,0,0,2,,,,,,0,,,,,,43,,,,,,27,2,1,,,,1,0,,18,,32,,,,,,,,,7,4,12,,,,,,14,,
2020-02-11,43105,0,,0,,,,,,0,,14,0,0,,0,,,0,1,,,,,,,,,0,,,,,,1,,7,,,,,,42696,,,,,0,,,,0,,0,,,0,0,0,,,,0,,,,1,11,,,,0,13,,,0,,,,,,,,,,,,0,3,0,135,0,0,0,,0,3,,25,,,,,,0,,,,0,,,,0,0,0,,,18,,,,,,0,,0,,,,,,,,1,0,,0,,,0,,0,0,0,,,,,,3,,,,0,0,2,,,,,,0,,,,,,45,,,,,,28,2,1,,,,1,0,,18,,32,,,,,,,,,8,8,13,,,,,,15,,
2020-02-12,45177,0,,0,,,,,,0,,14,0,0,,0,,,0,1,,,,,,,,,0,,,,,,1,,7,,,,,,44724,,,,,0,,,,0,,0,,,0,0,0,,,,0,,,,1,11,,,,0,15,,,0,,,,,,,,,,,,0,3,0,174,0,0,0,,0,3,,25,,,,,,0,,,,0,,,,0,0,0,,,18,,,,,,0,,0,,,,,,,,1,0,,0,,,0,,0,0,0,,,,,,3,,,,0,0,2,,,,,,0,,,,,,47,,,,,,28,2,1,,,,1,0,,18,,33,,,,,,,,,8,8,13,,,,,,15,,
2020-02-13,60328,0,,0,,,,,,0,,14,0,0,,0,,,0,1,,,,,,,,,0,,,,,,1,,7,,,,,,59865,,,,,0,,,,0,,0,,,0,0,0,,,,0,,,,1,11,,,,0,15,,,0,,,,,,,,,,,,0,3,0,174,0,0,0,,0,3,,29,,,,,,0,,,,0,,,,0,0,0,,,18,,,,,,0,,0,,,,,,,,1,0,,0,,,0,,0,0,0,,,,,,3,,,,0,0,2,,,,,,0,,,,,,50,,,,,,28,2,1,,,,1,0,,18,,33,,,,,,,,,8,9,14,,,,,,16,,
2020-02-14,64543,0,,0,,,,,,0,,15,0,0,,0,,,0,1,,,,,,,,,0,,,,,,1,,7,,,,,,64021,,,,,0,,,,0,,0,,,0,0,0,,,,0,,,,1,11,,,,0,15,,,0,,,,,,,,,,,,0,3,0,221,0,0,0,,0,3,,30,,,,,,0,,,,0,,,,0,0,0,,,19,,,,,,0,,0,,,,,,,,1,0,,0,,,0,,0,0,0,,,,,,3,,,,0,0,2,,,,,,0,,,,,,58,,,,,,28,2,1,,,,1,0,,18,,33,,,,,,,,,8,9,15,,,,,,16,,
2020-02-15,67103,0,,0,,,,,,0,,15,0,0,,0,,,0,1,,,,,,,,,0,,,,,,1,,8,,,,,,66559,,,,,0,,,,0,,0,,,0,0,1,,,,0,,,,1,11,,,,0,15,,,0,,,,,,,,,,,,0,3,0,221,0,0,0,,0,3,,38,,,,,,0,,,,0,,,,0,0,0,,,21,,,,,,0,,0,,,,,,,,1,0,,0,,,0,,0,0,0,,,,,,3,,,,0,0,2,,,,,,0,,,,,,67,,,,,,28,2,1,,,,1,0,,18,,34,,,,,,,,,8,9,15,,,,,,16,,
2020-02-16,69265,0,,0,,,,,,0,,15,0,0,,0,,,0,1,,,,,,,,,0,,,,,,1,,8,,,,,,68566,,,,,0,,,,0,,0,,,0,0,1,,,,0,,,,1,11,,,,0,15,,,0,,,,,,,,,,,,0,3,0,355,0,0,0,,0,3,,52,,,,,,0,,,,0,,,,0,0,0,,,22,,,,,,0,,0,,,,,,,,1,0,,0,,,0,,0,0,0,,,,,,3,,,,0,0,2,,,,,,0,,,,,,72,,,,,,29,2,1,,,,1,0,,18,,34,,,,,,,,,8,9,15,,,,,,16,,
2020-02-17,71332,0,,0,,,,,,0,,15,0,0,,0,,,0,1,,,,,,,,,0,,,,,,1,,8,,,,,,70618,,,,,0,,,,0,,0,,,0,0,1,,,,0,,,,1,12,,,,0,15,,,0,,,,,,,,,,,,0,3,0,355,0,0,0,,0,3,,59,,,,,,0,,,,0,,,,0,0,0,,,22,,,,,,0,,0,,,,,,,,1,0,,0,,,0,,0,0,0,,,,,,3,,,,0,0,2,,,,,,0,,,,,,75,,,,,,30,2,1,,,,1,0,,20,,34,,,,,,,,,9,9,15,,,,,,16,,
2020-02-18,73327,0,,0,,,,,,0,,15,0,0,,0,,,0,1,,,,,,,,,0,,,,,,1,,8,,,,,,72508,,,,,0,,,,0,,0,,,0,0,1,,,,0,,,,1,12,,,,0,15,,,0,,,,,,,,,,,,0,3,0,454,0,0,0,,0,3,,59,,,,,,0,,,,0,,,,0,0,0,,,22,,,,,,0,,0,,,,,,,,1,0,,0,,,0,,0,0,0,,,,,,3,,,,0,0,2,,,,,,0,,,,,,77,,,,,,31,2,1,,,,1,0,,22,,35,,,,,,,,,9,9,15,,,,,,16,,
2020-02-19,75191,0,,0,,,,,,0,,15,0,0,,0,,,0,1,,,,,,,,,0,,,,,,1,,8,,,,,,74258,,,,,0,,,,0,,0,,,0,0,1,,,,0,,,,1,12,,,,0,15,,,0,,,,,,,,,,,,0,3,0,542,0,0,0,,0,3,,66,,,,,,0,,,,0,,,,0,0,0,,,22,,,,,,0,,0,,,,,,,,1,0,,0,,,0,,0,0,0,,,,,,3,,,,0,0,2,,,,,,0,,,,,,81,,,,,,46,2,1,,,,1,0,,22,,35,,,,,,,,,9,9,15,,,,,,16,,
2020-02-20,75723,0,,0,,,,,,0,,15,0,0,,0,,,0,1,,,,,,,,,0,,,,,,1,,8,,,,,,74652,,,,,0,,,,0,,0,,,0,0,1,,,,0,,,,1,12,,,,0,15,,,0,,,,,,,,,,,,0,3,0,621,2,0,0,,0,3,,84,,,,,,0,,,,0,,,,0,0,0,,,22,,,,,,0,,0,,,,,,,,1,0,,0,,,0,,0,0,0,,,,,,3,,,,0,0,2,,,,,,0,,,,,,84,,,,,,80,2,1,,,,1,0,,24,,35,,,,,,,,,9,9,15,,,,,,16,,
2020-02-21,76719,0,,0,,,,,,0,,17,0,0,,0,,,0,1,,,,,,,,,0,,,,,,1,,9,,,,,,75543,,,,,0,,,,0,,0,,,0,0,1,,,,0,,,,1,12,,,,0,15,,,0,,,,,,,,,,,,0,3,0,634,5,0,0,,0,3,,93,,,,,,0,,,,0,,,,0,0,0,,,22,,,,,,0,,0,,,,,,,,1,0,,0,,,0,,0,0,0,,,,,,3,,,,0,0,2,,,,,,0,,,,,,85,,,,,,155,2,1,,,,1,0,,24,,35,,,,,,,,,9,9,16,,,,,,16,,
2020-02-22,77804,0,,0,,,,,,0,,21,0,0,,0,,,0,1,,,,,,,,,0,,,,,,1,,9,,,,,,76369,,,,,0,,,,0,,0,,,0,0,1,,,,0,,,,1,12,,,,0,15,,,0,,,,,,,,,,,,0,3,0,634,18,0,0,,1,17,,105,,,,,,0,,,,1,,,,0,0,0,,,22,,,,,,0,,0,,,,,,,,1,0,,0,,,0,,0,0,0,,,,,,3,,,,0,0,2,,,,,,0,,,,,,86,,,,,,345,2,1,,,,1,0,,26,,35,,,,,,,,,11,9,35,,,,,,16,,
2020-02-23,78812,0,,0,,,,,,0,,22,0,0,,0,,,0,1,,,,,,,,,0,,,,,,1,,9,,,,,,77016,,,,,0,,,,0,,0,,,0,0,1,,,,0,,,,1,12,,,,0,15,,,0,,,,,,,,,,,,0,3,0,634,28,0,0,,1,79,,132,,,,,,0,,,,1,,,,0,0,0,,,22,,,,,,0,,0,,,,,,,,1,0,,0,,,0,,0,0,0,,,,,,3,,,,0,0,2,,,,,,0,,,,,,89,,,,,,601,2,1,,,,1,0,,26,,35,,,,,,,,,13,9,35,,,,,,16,,
2020-02-24,79339,0,,0,,,,,,0,,22,0,0,,1,,,0,1,,,,,,,,,0,,,,,,1,,9,,,,,,77234,,,,,0,,,,0,,0,,,0,0,1,,,,0,,,,1,12,,,,0,15,,,0,,,,,,,,,,,,0,3,0,691,43,0,0,,2,132,,144,,,,,,3,,,,1,,,,0,0,0,,,22,,,,,,0,,0,,,,,,,,1,0,,0,,,0,,0,0,0,,,,,,3,,,,0,0,2,,,,,,0,,,,,,89,,,,,,762,2,1,,,,1,0,,28,,35,,,,,,,,,13,13,35,,,,,,16,,
2020-02-25,80132,1,,0,,,,,,0,,22,0,0,,2,,,0,1,,,,,,,,,0,,,,,,1,,11,,,,,,77749,,,,,0,,,,0,,0,,,0,0,1,,,,0,,,,1,12,,,,0,15,,,0,,,,,,,,,,,,0,3,0,691,61,1,0,,2,229,,144,,,,,,5,,,,1,,,,0,0,0,,,22,,,,,,0,,0,,,,,,,,1,0,,0,,,0,,0,2,0,,,,,,3,,,,0,0,2,,,,,,0,,,,,,90,,,,,,892,3,1,,,,1,0,,30,,37,,,,,,,,,13,13,53,,,,,,16,,
2020-02-26,80995,1,,1,,,,,,0,,22,2,0,,23,,,0,1,,,,,,,,,1,,,,,,1,,11,,,,,,78159,,,,,1,,,,0,,0,,,0,0,1,,,,0,,,,1,14,,,,0,17,,,0,,,,,,,,,,,,0,3,0,691,95,5,0,,2,322,,164,,,,,,11,,,,1,,,,0,0,0,,,22,,,,,,0,,0,,,,,,,,1,0,,0,,,0,,0,4,0,,,,,,3,,,,0,0,2,,,,,,0,,,,,,91,,,,,,1146,7,1,,,,1,1,,31,,40,,,,,,,,,13,13,53,,,,,,16,,
2020-02-27,82101,1,,1,,,,,,0,,23,2,0,,33,,,0,1,,,,,,,,,1,,,,,,1,,12,,,,,,78598,,,,,2,,,,0,,1,,,0,0,1,,,,0,,,,2,17,,,,1,21,,,1,,,,,,,,,,,,0,3,0,705,139,5,0,,2,400,,186,,,,,,26,,,,2,,,,0,0,1,,,22,,,,,,0,,0,,,,,,,,1,0,,0,,,0,,1,4,2,,,,,,3,,,,0,1,2,,,,,,0,,,,,,93,,,,,,1595,12,1,,,,2,1,,32,,40,,,,,,,,,13,13,59,,,,,,16,,
2020-02-28,83365,1,,1,,,,,,0,,23,5,0,,33,,,1,1,,,,,,,,,1,,,,,,1,,14,,,,,,78927,,,,,3,,,,0,,1,,,0,0,1,,,,1,,,,2,38,,,,1,47,,,3,,,,,,,,,,,,0,3,0,705,245,6,0,,3,650,,210,,,,,,43,,,,3,,,,1,0,1,,,23,,,,,,0,,0,,,,,,,,1,1,,1,,,1,,4,6,2,,,,,,3,,,,0,1,2,,,,,,1,,,,,,96,,,,,,2022,25,1,,,,7,8,,34,,40,,,,,,,,,19,16,60,,,,,,16,,
2020-02-29,85203,1,,1,,,,,,0,,25,7,1,,38,,,1,1,,,,,,,,,1,,,,,,1,,16,,,,,,79355,,,,,5,,,,0,,2,,,0,0,1,,,,1,,,,3,57,,,,2,57,,,4,,,,,,,,,,,,1,3,0,705,388,7,0,,7,888,,230,,,,,,45,,,,3,,,,1,0,1,,,25,,,,,,2,,1,,,,,,,,1,2,,1,,,1,,6,6,2,,,,,,3,,,,0,3,2,,,,,,1,,,,,,98,,,,,,2931,34,1,,,,12,12,,39,,42,,,,,,,,,19,18,66,,,,,,16,,
2020-03-01,87024,1,,1,,,,,,1,,26,10,1,,41,,,1,1,,,,,,,,,2,,,,,,1,,20,,,,,,79929,,,,,5,,,,0,,3,,,0,1,1,,,,1,,,,3,100,,,,3,111,,,7,,,,,,,,,,,,1,3,0,705,593,13,1,,7,1128,,239,,,,,,45,,,,4,,,,1,1,1,,,25,,,,,,4,,1,,,,,,,,1,7,,1,,,1,,15,6,4,,,,,,3,,,,1,3,2,,,,,,1,,,,,,102,,,,,,3526,66,1,,,,13,18,,40,,42,,,,,,,,,21,23,69,,,,,,16,,
2020-03-02,89068,1,,3,,,,,,1,,29,14,3,,47,,,1,2,,,,,,,,,2,,,,,,1,,24,,,,,,80134,,,,,7,,,,3,,4,,,1,6,2,,,,1,,,,6,130,,,,3,129,,,7,,,,,,,,,,,,3,3,2,705,978,19,1,,10,1689,,254,,,,,,46,,,,10,,,,1,1,1,,,29,,,,,,5,,1,,,,,,,,1,13,,1,,,1,,19,6,4,,,,,,3,,,,3,3,2,,,,,,8,,,,,,106,,,,,,4212,83,1,,,,14,24,,40,,43,,,,,,,,,21,36,89,,,,,,16,,
2020-03-03,90664,,,,1,,,,,,,33,18,,,,,,,8,,,,,,,,,,,,,,,,,27,,,,,,80261,,,,,8,,,,5,,5,,,,7,,,,,,,,,,178,,,,,157,,,,,,,,,,,,,,,6,5,,,1501,21,,,,1835,,254,,1,,,,56,,,1,13,,,,,,,,,,,,,,,,,,,,,1,,,,,18,,,,,,,25,7,,,,,,,,,2,,,,3,,,,,,,1,1,,,,108,1,,,,,4812,114,,,,,15,30,,41,,,,,,1,,,,,,40,103,,,,,,,,
2020-03-04,93077,,,5,,,,,1,,,41,24,,,49,,,4,13,,,,,,,,,,,,,,,,,30,,,,,1,80380,,,,,9,,,,5,,8,,,,,,,,,2,,,,7,212,,,,,196,,,,,,,,,,,,,,,16,6,,,2336,26,2,,,2502,,268,,,,,,,,,,,,,,,,,,,36,,,,,,,,,,,,,,,,,28,,2,,,,,33,,5,,,,,,,1,4,,8,4,4,,,,,,10,,,,,,110,,,,,,5328,151,,,,,24,37,,42,,,,,,,,,,1,27,51,125,,,,,,,,
2020-03-05,95316,,,12,,,,,,,,52,29,,,52,,,6,23,,,,,,,,,3,,,,,,,,33,,,,,3,80497,,,,,,,,,8,,10,,,,10,,,,,,,,,,285,,,,3,262,,,10,,,,,,,,,,,2,26,28,,,2922,31,6,,15,3089,,317,,,,,,,,,,,,,1,,,,,,50,,,,,,,,,,,,,,,,,38,,3,,,,,56,15,,,,,,,,,5,,,,,,,,,,15,,3,,,,112,,,1,,,5766,200,,,,,35,57,,,,47,,,,,,,,,,85,159,,,,,,,,
2020-03-06,98172,,,17,,,,,2,,,59,41,6,,52,,,,50,,,,1,,,2,,8,,,,,,,,45,,,,,4,80667,,,,,10,,,,12,,20,,,,13,3,,,,5,,,,12,423,,,,9,400,,,32,,,,,,,,,,,,35,29,,,3513,38,13,,17,3858,,349,,,,,,58,,,,16,,,,,,,,,50,,,,,,,,,,,,2,,,,,82,,4,,,,,86,16,,7,,,,,,,9,,,6,,,,,,,22,5,4,,,,117,,,6,,1,6284,261,,,,,61,87,,44,,,,,,,,,,,29,115,233,,,,,,,,
2020-03-07,102133,,,,,,,,8,,,63,74,9,,56,,,,109,,,,,,,,,13,,,,,,,1,51,,,,,5,80768,1,,1,,11,,,,19,,23,,,2,,15,,,,10,,,,19,613,,,,,684,,,45,,,,,,,,,,,4,43,31,4,,4747,,18,,19,4636,,408,,,,,,,,,,22,,,,,3,3,,,83,,,,,,,,,,,,,,,,,128,,5,,,,,113,,6,16,,,,1,5,5,13,,11,7,10,,,,,,23,,,1,,,130,,1,9,,,6767,374,,,,,137,209,,45,,50,,1,,,,,,,,163,338,,,,1,,17,,
2020-03-08,105824,4,,,,,,,9,,,74,99,,,63,,,,169,,,,,,,,,13,,,2,,,2,,57,,,,,,80814,,,,,12,,,,26,,31,,,,,,,,,,,,,,716,,,,12,847,,,66,,,,,,,,,,,7,53,34,,,5823,54,19,,25,5883,,455,,1,,,,61,,,2,,,,,,,,,,93,2,,3,,,,1,,,,,,,,,,188,,,,,,,147,,,19,,,1,,6,6,21,,12,13,,,,,,,26,7,,,,,138,,3,12,,2,7134,430,,,,,161,264,,45,,,,,,,,,,,45,206,433,,,,,,21,,
2020-03-09,109695,,2,20,,,,,12,,,80,102,,,79,3,,,200,,,,,,,,,25,,,4,,,,2,62,,,,,10,80859,,,5,,,,,,32,,38,,,,14,49,,,,,,,,30,1126,,,,13,902,,,73,,,,,,,,,,,8,55,,6,,6566,61,21,,39,7375,,488,,,,,,64,,,3,32,,,,,5,,,,99,4,,,,,7,,,,,,,,,,,265,,,,,,,169,,,,,,,7,10,11,30,,15,15,,,,,,,37,11,,,,,150,,5,16,,3,7382,589,,,,,203,332,,45,,,,,,,,,,,,273,554,,,,,,30,,
2020-03-10,114232,,6,,,,,,,,,100,131,,,109,,,,239,,,,,,,,,,,1,,,,,,77,,,,,13,80879,3,,9,,,,,2,40,,113,,,5,15,55,,,,,,,,40,1412,,,,15,1139,,,84,,,,,,,,,,,9,65,44,,696,7161,,,,,9172,,514,,,,,,65,,,6,41,,,,,,,,,117,,,4,,,,,,1,,,,,,,,321,,,,,2,,192,18,16,20,1,,,9,33,17,39,,18,17,10,,,,,,49,15,,,,,160,,,,,7,7513,1204,,,,,248,374,,,,,,,,2,,,,,59,321,754,,,,,,31,,
2020-03-11,118610,7,10,,,,,,19,,,112,182,11,,110,,,9,267,,,,,,,,,34,,,,2,,,,93,,,,,17,80908,,,13,,13,,,,63,1,264,,,,17,59,,,,13,,,,,1784,,,,23,1296,,,90,,,,,,,,,,,12,70,50,19,,8042,61,35,,70,10149,,568,,,,,,69,,,8,41,,,,3,7,7,,,129,6,,,,,,3,,,,,,,,,,382,,,,,,,277,18,16,29,7,,5,11,33,22,41,,24,25,,,,,,,62,20,,5,,,166,,7,31,,,7755,1639,,,,,326,490,,48,,59,,,,5,,,,,74,373,1025,,,,,,35,,
2020-03-12,125497,,11,20,,,,,,4,,126,246,13,,162,,,12,314,,,,,2,,3,,52,,11,7,2,,3,,103,,,,,23,80932,9,,22,1,16,3,,6,94,,516,,,,,60,,,,16,,,,59,2281,,,,24,1567,,,99,,,,,,,,,,2,13,85,73,34,,9000,70,43,,82,12462,2,619,,,,,,72,,,10,61,,,3,3,7,,,,149,8,,6,,,11,4,,,,,5,,,,,503,,,,,,,489,,20,30,14,,,17,49,31,59,,262,45,25,,,,,,66,45,,18,,,178,,10,57,,13,7869,2140,2,,,,462,642,,48,,70,,,,7,1,,,,,456,1312,,,,,,39,,
2020-03-13,133852,,23,24,,,,,31,6,2,156,361,13,,162,,,21,399,,,,1,3,,3,,77,,25,23,,,5,,138,,,,,33,80954,,,23,,25,,1,,116,,676,,,,,80,,,,27,,,,155,2876,,1,,25,2369,2,,133,,,,,,,,1,,,16,117,75,,,10075,74,70,,96,15113,6,675,,,,,,80,,,16,66,,,4,,26,9,,,158,,,9,,,16,6,,,,,6,,,,,614,,,,,,,621,,21,,27,,6,22,52,49,78,,,64,30,,,,,1,67,62,6,24,,,187,,21,96,,17,7979,3004,3,,,,620,854,,49,,,,,1,13,2,,,3,85,590,1663,,,,,,44,,
2020-03-14,143227,,33,26,2,,,,34,13,,197,504,,,210,,,,559,,,,,10,,,,98,,37,31,,,,,176,,,,,43,80973,16,,26,,31,4,,14,150,2,804,,,11,23,93,,,,79,1,,,,3661,,,,30,3062,,,190,,,,,,1,,,,3,25,117,83,69,,11364,85,91,,116,17660,8,737,,,,1,,100,,,19,,,,4,6,38,13,,,197,9,,12,,,26,8,,,,,7,,,,,804,,6,,,,,621,20,21,35,36,,7,38,64,68,112,,320,89,45,,,,,,73,86,19,41,,,200,,30,141,,24,8086,4231,6,1,,,775,1121,,53,,82,,,2,16,,,,,,707,2174,,,,,,49,,
2020-03-15,151367,10,38,37,,,,1,45,20,,249,655,19,,211,3,,,689,,,,1,10,,,,121,,40,41,3,,7,3,244,,,,,61,80995,34,,27,4,37,4,,21,214,2,827,,,11,28,93,,1,,115,1,,,210,4499,,1,,30,3795,2,,228,,,,1,,1,,,,,31,138,90,96,,12729,85,129,,178,17750,,780,,1,6,1,,104,,,26,93,,,4,9,,,,,238,9,,18,1,,41,20,3,1,,,18,,,2,1,959,,8,,,2,,907,20,30,38,43,,,43,111,104,169,,337,113,59,1,,,2,,92,86,21,46,2,,214,,44,181,,24,8162,5753,11,1,1,1,924,1359,,59,,82,,1,2,16,,,,,85,1140,2951,,6,,,10,53,,
2020-03-16,167418,16,42,48,5,,,,56,30,,298,860,19,1,214,,,27,886,,,,,,,18,,200,,50,51,3,,12,4,304,,,1,,75,81020,45,1,35,4,48,,,30,298,2,875,,,11,37,110,,1,,171,4,,,267,5423,,1,,30,4838,2,,331,,,,1,,,,4,,6,39,178,93,117,,13938,124,169,,250,23980,10,814,,15,9,3,2,112,,,31,99,,,7,14,77,13,,,428,13,,21,1,,53,23,7,,,,28,,,2,,1135,,,,,2,,1077,22,31,38,43,,8,71,140,125,245,,401,139,63,5,,,2,,98,118,26,55,3,,226,,61,219,,51,8236,7753,19,1,,1,1032,2200,,59,,114,,1,4,18,18,,,3,86,1391,3774,,8,6,1,15,57,,
2020-03-17,180096,21,51,60,14,,,,65,52,,375,1016,19,1,221,5,,36,1085,,1,,1,11,,21,,234,,54,62,20,,24,4,424,,,1,,156,81063,57,1,41,5,56,,,40,344,3,932,,,11,58,126,,1,,205,5,,,272,6633,,1,,33,6012,6,,352,,,,6,,1,,4,,8,50,199,125,134,,14991,124,223,,260,27980,10,824,,16,11,3,2,123,,,36,120,1,,7,17,81,19,,,553,13,,30,1,,82,29,9,,,,37,,0,2,1,1413,,,,,2,,1169,24,187,39,69,,9,86,142,177,331,,439,184,93,5,,,2,,102,133,27,57,4,,243,,84,253,1,62,8320,9191,29,1,,1,1121,2200,,67,1,177,,1,5,20,47,,,5,98,1543,4661,,29,8,1,33,61,,
2020-03-18,194836,22,55,60,14,,,,79,78,,454,1332,28,,237,8,1,36,1243,,1,,1,12,,21,,291,,56,81,20,,24,10,569,,,1,,201,81086,65,1,50,5,69,7,,40,434,3,1024,,,11,111,166,,1,,225,5,,,319,7730,,1,1,34,7156,6,,387,,,,6,,1,,4,,9,50,247,137,172,,16169,154,292,,427,31506,13,829,,35,33,4,19,130,,,61,120,2,,7,25,140,31,,,673,13,,38,1,,93,30,9,4,2,,44,,,2,1,1705,,20,,,3,,1308,24,187,41,86,,11,117,187,238,448,,442,217,114,7,,,2,,104,133,31,72,4,,266,,97,275,1,85,8413,11178,42,1,,1,1167,2650,,77,1,177,,1,7,24,98,,,14,113,1950,6427,,50,16,1,33,61,,
2020-03-19,213150,22,59,73,53,,,,97,115,,565,1646,34,,256,10,1,46,1486,,1,,1,12,,36,,428,,68,92,26,,24,10,690,,,1,,238,81130,102,3,69,6,81,11,,58,522,14,1115,1,,21,168,196,1,3,,258,6,,,369,9134,3,3,1,34,8198,7,,418,,,3,8,,1,,5,,12,73,250,165,172,,17361,164,366,,433,35713,15,873,,52,37,7,19,142,3,,71,133,2,,25,33,210,42,,,790,13,,48,1,,118,36,9,5,8,,54,,,2,1,2051,,28,1,,8,,1423,39,302,44,109,,11,145,202,287,642,,452,260,147,11,,,2,,109,171,36,94,6,,313,,107,286,1,116,8565,13716,42,2,,1,1301,3010,,108,3,177,,1,9,29,191,,,19,113,2630,9415,,79,23,1,33,76,2,
2020-03-20,242364,22,70,82,75,,,,128,122,4,709,2196,44,3,269,10,2,57,1795,,2,2,1,15,,44,,621,,73,105,33,,24,14,846,,1,1,1,342,81229,128,3,87,9,104,16,3,58,694,14,1151,1,,21,199,210,1,4,,267,7,72,1,400,10995,3,3,1,40,14138,11,10,464,2,,12,9,1,1,,5,2,24,85,330,191,227,,18407,177,557,,677,41035,16,950,5,56,49,7,21,148,6,,86,149,2,,25,48,345,48,,,900,13,,53,2,3,164,49,11,5,13,,63,,,2,1,2460,,39,1,,8,,1552,39,478,47,137,,13,234,230,355,785,,460,277,199,11,,,2,,126,238,36,126,6,,345,,123,319,1,150,8652,17147,53,2,,1,1423,3888,,108,3,212,,1,9,39,359,,,26,140,3277,14250,,94,23,1,33,85,2,
2020-03-21,271106,24,70,94,75,,,1,158,136,,874,2649,44,4,285,17,6,57,2257,,2,2,2,19,,44,,904,,78,127,40,,47,27,971,2,3,1,1,434,81281,158,3,113,14,126,21,,67,904,14,1255,1,,34,426,256,3,4,,283,9,80,1,450,12612,15,3,1,43,18187,16,10,495,2,,14,13,1,2,,5,2,24,103,409,231,309,,19644,193,683,1,712,47021,19,1007,12,69,53,7,24,159,6,,111,163,2,,34,69,484,70,3,,1030,13,,64,2,12,203,66,12,6,14,1,86,,,3,1,2994,2,53,1,1,12,,1742,48,495,48,200,1,18,263,230,425,1020,,470,308,253,17,,,2,,151,274,47,135,7,,385,,137,341,1,205,8799,19980,66,2,1,1,1623,4840,,135,3,366,,9,9,54,670,,,26,140,3983,19624,,110,33,1,36,87,2,1
2020-03-22,305117,24,76,94,88,2,,1,225,160,,1098,3024,53,4,306,24,14,76,2815,,2,2,2,20,,92,,1128,,83,163,64,,51,27,1231,3,3,3,2,537,81346,210,4,117,17,206,25,,84,995,23,1326,1,,112,532,285,3,6,1,306,9,92,2,521,14459,17,3,1,49,21463,21,10,530,2,,15,17,1,2,,5,2,26,131,473,320,450,,20610,214,785,2,883,53578,19,1046,12,84,56,7,24,176,14,,124,230,3,,36,105,670,85,3,,1183,13,,73,2,14,251,80,18,10,14,1,96,,,3,1,3631,4,66,1,1,22,,1926,52,646,52,245,1,22,318,380,536,1280,,481,367,306,17,,,2,,151,392,56,149,7,,432,,178,383,1,240,8897,24926,78,2,5,1,1746,6077,,153,6,599,1,15,49,60,947,,1,41,153,5018,26747,,135,33,1,36,94,2,2
2020-03-23,338133,34,89,102,113,2,,1,266,190,,1709,3631,65,4,334,27,17,76,3401,,2,6,2,27,,125,,1546,,88,185,64,,86,27,1430,3,3,4,2,632,81484,235,4,134,25,235,35,,95,1165,26,1395,1,1,202,789,294,3,6,1,326,11,115,3,626,16018,18,6,1,54,24774,24,15,624,2,1,27,19,17,2,,5,2,27,167,568,439,514,,21638,233,906,2,1071,59138,19,1089,15,99,60,15,31,188,14,,139,248,3,,46,143,798,114,3,,1306,13,,90,2,28,316,94,23,10,21,1,115,1,,3,1,4204,5,102,2,1,30,,2132,55,784,59,313,1,22,363,380,634,1600,,494,433,438,19,,,2,,151,511,67,188,7,,455,,185,414,1,274,8961,28572,87,2,5,4,1906,6971,1,165,12,721,1,15,50,75,1236,,1,47,153,5683,35206,,158,46,1,36,118,3,2
2020-03-24,377918,40,100,189,133,2,,1,301,194,12,1823,4486,72,4,339,33,17,81,3743,1,5,6,2,28,,129,,1891,,91,201,75,,87,56,1646,3,3,4,2,746,81553,306,4,158,25,306,40,6,116,1236,26,1460,3,1,245,981,327,5,9,1,352,11,118,4,700,19856,23,6,2,61,29212,27,15,695,4,1,29,20,20,2,,5,5,30,187,588,492,579,,23049,266,1125,13,1442,63927,19,1128,18,112,62,16,61,189,16,,180,267,3,,46,179,875,136,17,,1518,13,,107,2,36,367,109,23,10,27,1,134,1,2,3,2,4749,7,142,2,2,40,,2371,66,887,59,345,1,27,395,462,749,2060,,501,576,438,36,,,2,,187,562,79,222,7,,509,,191,442,1,402,9037,33089,97,2,6,4,2016,8015,1,195,12,827,1,18,51,89,1529,,9,73,198,6650,46442,17,162,49,1,84,123,3,2
2020-03-25,416845,42,123,231,164,2,,3,387,265,17,2423,5282,87,4,390,39,18,81,4269,1,5,6,2,32,,162,,2201,,104,220,99,,91,72,1959,3,3,4,3,922,81631,378,4,177,73,382,48,,124,1394,45,1591,3,2,312,1082,366,9,9,1,369,11,122,5,792,22302,25,6,3,70,31554,53,15,743,4,1,32,21,23,4,,5,7,36,226,648,562,686,,24811,316,1329,23,1930,69176,21,1193,18,127,79,25,63,191,42,2,197,304,3,1,47,209,1099,148,19,,1624,13,,120,2,42,405,125,27,10,47,1,170,1,3,3,3,5560,9,189,2,7,44,,2566,84,991,60,443,1,37,416,552,901,2362,,526,762,495,40,,,2,1,187,767,86,249,7,,558,,204,480,1,557,9137,39673,102,3,8,4,2272,8789,1,216,12,934,1,18,57,114,1872,1,9,84,248,8077,55231,17,189,55,1,91,134,3,2
2020-03-26,468049,75,146,264,188,2,,3,502,290,19,2799,5888,93,5,419,39,18,86,4937,2,5,6,3,39,,181,,2433,,107,242,114,,96,72,3385,4,3,4,3,1142,81733,470,4,201,80,418,57,6,132,1654,45,1724,12,7,392,1211,442,13,11,4,404,12,132,5,880,25233,25,6,3,73,36508,68,26,821,5,1,37,24,30,4,,5,8,52,261,737,649,790,,27017,346,1564,23,2369,74386,25,1268,18,153,88,25,71,195,44,2,221,333,3,1,51,274,1333,177,19,,1796,13,2,129,2,48,475,149,31,10,53,1,225,5,3,4,3,6412,14,262,2,7,51,,2916,99,1057,62,588,1,41,558,636,1051,2995,,537,906,658,41,,2,3,1,208,900,99,303,7,,568,2,216,528,1,709,9241,47610,102,3,8,4,2510,9714,1,235,12,1045,1,23,60,173,2433,1,14,113,333,9529,69194,17,217,65,1,106,148,12,3
2020-03-27,527767,75,174,305,224,3,2,7,589,329,28,3166,7029,122,9,458,48,24,86,6235,2,6,15,3,61,,181,,2915,2,114,264,146,,98,88,4018,5,6,5,5,1306,81827,491,4,231,96,495,67,7,146,2062,54,1877,12,11,488,1403,456,13,12,6,538,12,140,5,958,29155,30,7,3,79,42288,132,35,892,6,7,49,25,34,5,2,5,8,67,300,802,724,893,,29406,382,1819,26,2666,80539,26,1364,32,172,120,31,79,208,44,6,244,368,3,1,56,299,1453,201,23,,2031,13,4,134,3,81,585,177,33,11,67,5,275,7,5,8,3,7431,15,338,2,10,65,,3156,109,1197,84,674,1,52,580,707,1221,3544,,549,1029,840,50,,2,3,1,218,1012,105,384,7,,594,2,226,577,2,927,9332,56188,106,3,8,6,2806,10714,5,252,13,1136,1,24,65,173,3629,2,14,156,333,11658,85991,17,238,83,5,107,153,14,3
2020-03-28,591704,91,186,305,267,4,2,7,690,372,28,3378,7697,165,9,466,48,24,94,7284,2,6,17,3,74,,229,,3417,2,115,293,146,,102,88,4689,5,8,5,5,1610,81946,539,4,263,101,586,80,8,162,2279,58,2046,13,11,581,1627,495,13,13,6,575,16,144,5,1025,32964,30,7,3,81,48582,137,55,966,9,7,51,32,36,5,2,5,8,95,343,890,873,1046,,32332,458,2121,29,3035,86498,26,1499,52,212,193,31,86,225,58,6,280,391,3,1,60,358,1605,219,24,,2161,14,4,139,3,94,717,199,42,11,75,5,345,7,5,8,3,8603,15,416,2,10,81,,3581,131,1197,91,786,1,56,635,803,1389,4268,64,562,1292,1036,54,,2,3,1,223,1104,119,457,7,,732,3,295,632,3,1170,9478,64059,106,3,8,9,3046,12104,5,267,13,1136,1,25,66,227,5698,2,14,218,405,14543,104686,19,238,104,5,119,169,16,5
2020-03-29,656866,106,197,409,308,4,2,7,745,424,28,3809,8291,182,11,473,48,26,94,9134,2,6,22,4,81,,257,,3904,2,120,331,180,,103,99,5386,5,8,6,5,1909,82059,608,19,295,140,657,119,8,179,2663,58,2201,15,11,719,1835,536,19,13,6,640,16,155,5,1218,37575,34,7,3,85,52547,141,56,1061,10,9,55,34,39,8,2,8,8,110,408,963,979,1155,,35408,506,2415,32,3619,92472,32,1693,61,235,229,38,86,235,84,6,305,412,3,1,61,394,1831,241,28,,2320,16,9,149,5,102,848,231,43,12,84,5,358,8,8,8,5,9762,15,476,3,10,97,,3845,152,1408,97,901,1,59,671,1075,1638,5170,100,590,1452,1264,60,,2,4,1,224,1203,130,659,7,,803,3,295,691,3,1187,9583,72248,115,5,8,9,3447,13152,5,283,13,1245,1,28,74,227,7402,5,30,311,468,17089,124665,22,304,133,6,119,223,28,7
2020-03-30,715353,114,212,454,334,7,2,7,820,424,50,4093,8813,209,14,500,49,33,94,10836,2,6,22,4,96,,323,,4256,2,126,346,180,,107,99,6255,5,8,6,5,2139,82157,702,19,314,165,713,139,9,214,2829,81,2395,19,11,859,1890,576,30,14,12,679,16,159,5,1218,40174,35,7,3,90,57298,152,65,1156,10,9,56,36,45,8,2,8,15,139,447,1020,1071,1285,,38309,547,2615,42,4247,97689,34,1866,63,259,284,42,86,255,84,6,376,438,3,8,62,484,1950,259,37,,2470,17,18,151,5,110,993,263,46,12,85,5,479,8,8,11,5,10866,15,552,3,10,97,,4102,167,1526,106,989,1,64,852,1418,1862,5962,127,634,1760,1534,70,,7,9,1,229,1229,142,741,8,,844,3,336,730,3,1280,9661,78797,120,5,8,9,3700,14274,9,306,14,1388,1,30,78,278,9217,5,33,418,468,19522,143025,30,309,145,6,119,228,29,7
2020-03-31,777796,141,223,511,370,7,2,7,966,482,,4557,9618,273,14,515,49,34,105,11899,3,6,27,4,107,,353,,4579,3,127,359,222,,109,142,7424,5,12,6,7,2449,82241,798,19,330,168,790,170,,230,3002,98,2577,26,11,901,1966,609,32,14,12,715,23,168,5,1313,44550,36,7,4,98,61913,152,69,1212,10,9,60,36,45,16,2,8,15,141,447,1086,1251,1414,,41495,630,2910,42,4473,101739,38,1953,63,268,325,50,106,266,84,9,376,446,3,8,64,484,1988,285,44,,2626,17,18,156,5,128,1094,298,49,12,91,5,556,8,14,11,5,11750,16,647,4,20,131,2,4226,179,1625,115,1075,1,65,950,2084,2055,6408,174,693,1952,1836,70,,7,9,1,229,1453,162,741,10,,844,,336,763,3,1326,9786,85195,120,6,8,9,4028,15412,10,306,19,1651,1,34,85,312,11535,5,33,480,611,22141,164620,,320,149,6,135,229,35,7
2020-04-01,851308,166,243,584,376,7,2,7,966,532,55,4707,10182,298,15,567,51,34,152,12775,3,8,32,4,115,,413,3,5717,3,129,399,246,2,109,193,8536,6,14,6,7,2738,82295,906,22,347,168,867,186,11,262,3308,98,2860,31,11,1109,2302,656,32,15,15,745,25,169,5,1384,52128,37,16,4,110,67366,152,69,1314,10,9,69,38,60,16,8,12,15,172,492,1135,1397,1528,,44606,694,3235,52,4916,105792,38,1953,81,274,340,59,112,289,107,9,398,463,3,10,68,533,2178,329,46,,2626,18,18,167,5,143,1215,353,52,12,109,,617,8,15,11,5,12595,16,647,5,20,131,6,4447,192,2039,117,1181,1,69,1065,2084,2311,7443,239,781,2245,2337,75,,8,13,1,230,1563,175,900,10,1,879,6,363,814,3,1353,9786,94417,122,7,10,9,4435,16108,10,322,19,1651,1,34,87,362,13531,5,44,549,664,25150,189618,30,338,173,6,135,229,35,8
2020-04-02,928436,192,259,847,390,8,2,7,1133,571,55,4976,10711,359,21,569,54,45,152,13964,3,13,32,5,123,2,464,4,6836,3,131,422,261,2,110,233,9595,6,22,8,7,3031,82395,1065,22,375,190,963,212,11,320,3589,123,3107,34,12,1284,2758,710,41,15,18,779,29,173,7,1446,56989,37,18,4,115,73522,195,69,1375,10,10,77,46,78,30,9,19,16,219,525,1220,1965,1677,,47593,694,3447,65,5591,110574,44,2178,81,278,348,81,112,317,112,10,446,479,6,10,72,581,2319,354,54,,2908,19,28,188,5,154,1378,423,55,14,123,5,654,10,16,13,5,13614,16,723,5,74,151,6,4665,210,2291,134,1317,1,69,1323,2311,2554,8251,286,835,2460,2777,82,6,8,13,2,236,1720,190,1060,10,1,1000,16,400,841,5,1380,9976,102136,143,7,10,9,4947,17070,10,339,20,1771,1,36,89,394,15679,5,44,794,664,29474,216721,30,338,187,6,143,235,36,8
2020-04-03,1000249,235,277,847,428,8,3,9,1133,663,60,5224,11129,400,24,643,56,45,254,15348,3,13,35,5,132,2,532,4,7910,3,133,457,288,3,114,271,11268,6,28,8,7,3404,82465,1161,41,396,194,1011,233,11,356,3858,123,3386,41,12,1380,3163,779,46,15,22,858,29,177,7,1518,59105,37,18,4,121,73522,204,88,1514,10,10,82,47,91,52,9,19,18,222,585,1319,2301,1790,,50468,772,3849,71,6252,115242,47,2617,81,299,386,110,125,342,125,10,458,494,6,11,75,649,2487,354,59,3,3116,19,36,195,6,169,1378,505,60,14,144,5,708,10,20,13,5,14697,16,772,5,74,174,8,4935,231,2291,155,1475,1,77,1414,2633,2946,9034,316,949,2738,3548,82,,8,13,2,245,1885,195,1171,10,2,1049,23,426,897,5,1462,10062,110238,148,7,10,9,5466,18844,16,339,21,1875,1,39,97,455,18135,5,45,804,1024,33718,245540,33,369,190,6,144,239,39,8
