date,location,new_cases,new_deaths,total_cases,total_deaths
2020-02-25,Afghanistan,,,1,
2020-02-26,Afghanistan,0,,1,
2020-02-27,Afghanistan,0,,1,
2020-02-28,Afghanistan,0,,1,
2020-02-29,Afghanistan,0,,1,
2020-03-01,Afghanistan,0,,1,
2020-03-02,Afghanistan,0,,1,
2020-03-03,Afghanistan,0,,1,
2020-03-04,Afghanistan,0,,1,
2020-03-05,Afghanistan,0,,1,
2020-03-06,Afghanistan,0,,1,
2020-03-07,Afghanistan,0,,1,
2020-03-08,Afghanistan,3,,4,
2020-03-09,Afghanistan,0,,4,
2020-03-10,Afghanistan,0,,4,
2020-03-11,Afghanistan,0,,4,
2020-03-12,Afghanistan,3,,7,
2020-03-13,Afghanistan,0,,7,
2020-03-14,Afghanistan,0,,7,
2020-03-15,Afghanistan,3,,10,
2020-03-16,Afghanistan,6,,16,
2020-03-17,Afghanistan,5,,21,
2020-03-09,Albania,,,2,
2020-03-10,Albania,0,,2,
2020-03-11,Albania,8,,10,
2020-03-12,Albania,0,,10,
2020-03-13,Albania,13,,23,
2020-03-14,Albania,10,,33,1
2020-03-15,Albania,5,0,38,1
2020-03-16,Albania,4,0,42,1
2020-03-17,Albania,9,0,51,1
2020-02-26,Algeria,,,1,
2020-02-27,Algeria,0,,1,
2020-02-28,Algeria,0,,1,
2020-02-29,Algeria,0,,1,
2020-03-01,Algeria,0,,1,
2020-03-02,Algeria,0,,1,
2020-03-03,Algeria,4,,5,
2020-03-04,Algeria,0,,5,
2020-03-05,Algeria,7,,12,
2020-03-06,Algeria,0,,12,
2020-03-07,Algeria,5,,17,
2020-03-08,Algeria,0,,17,
2020-03-09,Algeria,3,,20,
2020-03-10,Algeria,0,,20,
2020-03-11,Algeria,0,,20,
2020-03-12,Algeria,5,,25,1
2020-03-13,Algeria,0,0,25,1
2020-03-14,Algeria,1,1,26,2
2020-03-15,Algeria,11,1,37,3
2020-03-16,Algeria,12,0,49,3
2020-03-17,Algeria,11,1,60,4
2020-03-03,Andorra,,,1,
2020-03-04,Andorra,0,,1,
2020-03-05,Andorra,0,,1,
2020-03-06,Andorra,0,,1,
2020-03-07,Andorra,0,,1,
2020-03-08,Andorra,0,,1,
2020-03-09,Andorra,0,,1,
2020-03-10,Andorra,0,,1,
2020-03-11,Andorra,0,,1,
2020-03-12,Andorra,0,,1,
2020-03-13,Andorra,0,,1,
2020-03-14,Andorra,1,,2,
2020-03-15,Andorra,0,,2,
2020-03-16,Andorra,0,,2,
2020-03-17,Andorra,12,,14,
2020-03-14,Antigua and Barbuda,,,1,
2020-03-15,Antigua and Barbuda,0,,1,
2020-03-16,Antigua and Barbuda,0,,1,
2020-03-17,Antigua and Barbuda,0,,1,
2020-03-04,Argentina,,,1,
2020-03-05,Argentina,0,,1,
2020-03-06,Argentina,0,,1,
2020-03-07,Argentina,1,,2,
2020-03-08,Argentina,7,,9,1
2020-03-09,Argentina,3,0,12,1
2020-03-10,Argentina,0,0,12,1
2020-03-11,Argentina,5,0,17,1
2020-03-12,Argentina,2,0,19,1
2020-03-13,Argentina,12,0,31,1
2020-03-14,Argentina,3,1,34,2
2020-03-15,Argentina,11,0,45,2
2020-03-16,Argentina,11,0,56,2
2020-03-17,Argentina,9,0,65,2
2020-03-02,Armenia,,,1,
2020-03-03,Armenia,0,,1,
2020-03-04,Armenia,0,,1,
2020-03-05,Armenia,0,,1,
2020-03-06,Armenia,0,,1,
2020-03-07,Armenia,0,,1,
2020-03-08,Armenia,0,,1,
2020-03-09,Armenia,0,,1,
2020-03-10,Armenia,0,,1,
2020-03-11,Armenia,0,,1,
2020-03-12,Armenia,0,,1,
2020-03-13,Armenia,0,,1,
2020-03-14,Armenia,7,,8,
2020-03-15,Armenia,0,,8,
2020-03-16,Armenia,18,,26,
2020-03-17,Armenia,26,,52,
2020-03-17,Aruba,,,2,
2020-01-25,Australia,,,3,
2020-01-26,Australia,1,,4,
2020-01-27,Australia,0,,4,
2020-01-28,Australia,1,,5,
2020-01-29,Australia,2,,7,
2020-01-30,Australia,0,,7,
2020-01-31,Australia,2,,9,
2020-02-01,Australia,3,,12,
2020-02-02,Australia,0,,12,
2020-02-03,Australia,0,,12,
2020-02-04,Australia,0,,12,
2020-02-05,Australia,1,,13,
2020-02-06,Australia,1,,14,
2020-02-07,Australia,1,,15,
2020-02-08,Australia,0,,15,
2020-02-09,Australia,0,,15,
2020-02-10,Australia,0,,15,
2020-02-11,Australia,0,,15,
2020-02-12,Australia,0,,15,
2020-02-13,Australia,0,,15,
2020-02-14,Australia,0,,15,
2020-02-15,Australia,0,,15,
2020-02-16,Australia,0,,15,
2020-02-17,Australia,0,,15,
2020-02-18,Australia,0,,15,
2020-02-19,Australia,0,,15,
2020-02-20,Australia,0,,15,
2020-02-21,Australia,2,,17,
2020-02-22,Australia,4,,21,
2020-02-23,Australia,1,,22,
2020-02-24,Australia,0,,22,
2020-02-25,Australia,0,,22,
2020-02-26,Australia,1,,23,
2020-02-27,Australia,0,,23,
2020-02-28,Australia,0,,23,
2020-02-29,Australia,1,,24,
2020-03-01,Australia,1,,25,
2020-03-02,Australia,2,,27,1
2020-03-03,Australia,6,0,33,1
2020-03-04,Australia,10,0,43,1
2020-03-05,Australia,14,0,57,1
2020-03-06,Australia,0,1,57,2
2020-03-07,Australia,5,0,62,2
2020-03-08,Australia,12,1,74,3
2020-03-09,Australia,3,0,77,3
2020-03-10,Australia,15,0,92,3
2020-03-11,Australia,20,0,112,3
2020-03-12,Australia,10,0,122,3
2020-03-13,Australia,18,0,140,3
2020-03-14,Australia,57,0,197,3
2020-03-15,Australia,52,0,249,3
2020-03-16,Australia,49,2,298,5
2020-03-17,Australia,77,0,375,5
2020-02-26,Austria,,,2,
2020-02-27,Austria,0,,2,
2020-02-28,Austria,2,,4,
2020-02-29,Austria,1,,5,
2020-03-01,Austria,5,,10,
2020-03-02,Austria,0,,10,
2020-03-03,Austria,8,,18,
2020-03-04,Austria,6,,24,
2020-03-05,Austria,13,,37,
2020-03-06,Austria,10,,47,
2020-03-07,Austria,19,,66,
2020-03-08,Austria,38,,104,
2020-03-09,Austria,8,,112,
2020-03-10,Austria,19,,131,
2020-03-11,Austria,51,,182,
2020-03-12,Austria,120,,302,
2020-03-13,Austria,59,,361,1
2020-03-14,Austria,143,0,504,1
2020-03-15,Austria,296,0,800,1
2020-03-16,Austria,159,0,959,1
2020-03-17,Austria,173,2,1132,3
2020-03-01,Azerbaijan,,,3,
2020-03-02,Azerbaijan,0,,3,
2020-03-03,Azerbaijan,0,,3,
2020-03-04,Azerbaijan,0,,3,
2020-03-05,Azerbaijan,0,,3,
2020-03-06,Azerbaijan,0,,3,
2020-03-07,Azerbaijan,6,,9,
2020-03-08,Azerbaijan,0,,9,
2020-03-09,Azerbaijan,0,,9,
2020-03-10,Azerbaijan,0,,9,
2020-03-11,Azerbaijan,0,,9,
2020-03-12,Azerbaijan,0,,9,
2020-03-13,Azerbaijan,2,,11,
2020-03-14,Azerbaijan,0,,11,
2020-03-15,Azerbaijan,8,,19,
2020-03-16,Azerbaijan,0,,19,
2020-03-17,Azerbaijan,0,,19,
2020-03-17,Bahamas,,,1,
2020-02-25,Bahrain,,,8,
2020-02-26,Bahrain,18,,26,
2020-02-27,Bahrain,7,,33,
2020-02-28,Bahrain,0,,33,
2020-02-29,Bahrain,5,,38,
2020-03-01,Bahrain,2,,40,
2020-03-02,Bahrain,7,,47,
2020-03-03,Bahrain,2,,49,
2020-03-04,Bahrain,0,,49,
2020-03-05,Bahrain,0,,49,
2020-03-06,Bahrain,0,,49,
2020-03-07,Bahrain,0,,49,
2020-03-08,Bahrain,7,,56,
2020-03-09,Bahrain,23,,79,
2020-03-10,Bahrain,30,,109,
2020-03-11,Bahrain,1,,110,
2020-03-12,Bahrain,79,,189,
2020-03-13,Bahrain,6,,195,
2020-03-14,Bahrain,15,,210,
2020-03-15,Bahrain,1,,211,
2020-03-16,Bahrain,10,,221,1
2020-03-17,Bahrain,8,0,229,1
2020-03-09,Bangladesh,,,3,
2020-03-10,Bangladesh,0,,3,
2020-03-11,Bangladesh,0,,3,
2020-03-12,Bangladesh,0,,3,
2020-03-13,Bangladesh,0,,3,
2020-03-14,Bangladesh,0,,3,
2020-03-15,Bangladesh,0,,3,
2020-03-16,Bangladesh,2,,5,
2020-03-17,Bangladesh,3,,8,
2020-02-28,Belarus,,,1,
2020-02-29,Belarus,0,,1,
2020-03-01,Belarus,0,,1,
2020-03-02,Belarus,0,,1,
2020-03-03,Belarus,0,,1,
2020-03-04,Belarus,0,,1,
2020-03-05,Belarus,5,,6,
2020-03-06,Belarus,0,,6,
2020-03-07,Belarus,0,,6,
2020-03-08,Belarus,0,,6,
2020-03-09,Belarus,0,,6,
2020-03-10,Belarus,0,,6,
2020-03-11,Belarus,3,,9,
2020-03-12,Belarus,3,,12,
2020-03-13,Belarus,0,,12,
2020-03-14,Belarus,9,,21,
2020-03-15,Belarus,0,,21,
2020-03-16,Belarus,15,,36,
2020-03-17,Belarus,0,,36,
2020-02-05,Belgium,,,1,
2020-02-06,Belgium,0,,1,
2020-02-07,Belgium,0,,1,
2020-02-08,Belgium,0,,1,
2020-02-09,Belgium,0,,1,
2020-02-10,Belgium,0,,1,
2020-02-11,Belgium,0,,1,
2020-02-12,Belgium,0,,1,
2020-02-13,Belgium,0,,1,
2020-02-14,Belgium,0,,1,
2020-02-15,Belgium,0,,1,
2020-02-16,Belgium,0,,1,
2020-02-17,Belgium,0,,1,
2020-02-18,Belgium,0,,1,
2020-02-19,Belgium,0,,1,
2020-02-20,Belgium,0,,1,
2020-02-21,Belgium,0,,1,
2020-02-22,Belgium,0,,1,
2020-02-23,Belgium,0,,1,
2020-02-24,Belgium,0,,1,
2020-02-25,Belgium,0,,1,
2020-02-26,Belgium,0,,1,
2020-02-27,Belgium,0,,1,
2020-02-28,Belgium,0,,1,
2020-02-29,Belgium,0,,1,
2020-03-01,Belgium,0,,1,
2020-03-02,Belgium,0,,1,
2020-03-03,Belgium,7,,8,
2020-03-04,Belgium,0,,8,
2020-03-05,Belgium,15,,23,
2020-03-06,Belgium,27,,50,
2020-03-07,Belgium,59,,109,
2020-03-08,Belgium,60,,169,
2020-03-09,Belgium,31,,200,
2020-03-10,Belgium,39,,239,
2020-03-11,Belgium,28,,267,
2020-03-12,Belgium,47,,314,
2020-03-13,Belgium,0,,314,
2020-03-14,Belgium,285,,599,
2020-03-15,Belgium,90,,689,
2020-03-16,Belgium,396,,1085,5
2020-03-17,Belgium,0,0,1085,5
2020-03-17,Benin,,,1,
2020-03-06,Bhutan,,,1,
2020-03-07,Bhutan,0,,1,
2020-03-08,Bhutan,0,,1,
2020-03-09,Bhutan,0,,1,
2020-03-10,Bhutan,0,,1,
2020-03-11,Bhutan,0,,1,
2020-03-12,Bhutan,0,,1,
2020-03-13,Bhutan,0,,1,
2020-03-14,Bhutan,0,,1,
2020-03-15,Bhutan,0,,1,
2020-03-16,Bhutan,0,,1,
2020-03-17,Bhutan,0,,1,
2020-03-11,Bolivia,,,2,
2020-03-12,Bolivia,0,,2,
2020-03-13,Bolivia,1,,3,
2020-03-14,Bolivia,0,,3,
2020-03-15,Bolivia,0,,3,
2020-03-16,Bolivia,8,,11,
2020-03-17,Bolivia,0,,11,
2020-03-05,Bosnia and Herzegovina,,,2,
2020-03-06,Bosnia and Herzegovina,0,,2,
2020-03-07,Bosnia and Herzegovina,0,,2,
2020-03-08,Bosnia and Herzegovina,0,,2,
2020-03-09,Bosnia and Herzegovina,0,,2,
2020-03-10,Bosnia and Herzegovina,0,,2,
2020-03-11,Bosnia and Herzegovina,2,,4,
2020-03-12,Bosnia and Herzegovina,0,,4,
2020-03-13,Bosnia and Herzegovina,0,,4,
2020-03-14,Bosnia and Herzegovina,7,,11,
2020-03-15,Bosnia and Herzegovina,7,,18,
2020-03-16,Bosnia and Herzegovina,0,,18,
2020-03-17,Bosnia and Herzegovina,1,,19,
2020-02-27,Brazil,,,1,
2020-02-28,Brazil,0,,1,
2020-02-29,Brazil,0,,1,
2020-03-01,Brazil,1,,2,
2020-03-02,Brazil,0,,2,
2020-03-03,Brazil,0,,2,
2020-03-04,Brazil,0,,2,
2020-03-05,Brazil,1,,3,
2020-03-06,Brazil,4,,7,
2020-03-07,Brazil,6,,13,
2020-03-08,Brazil,6,,19,
2020-03-09,Brazil,6,,25,
2020-03-10,Brazil,0,,25,
2020-03-11,Brazil,9,,34,
2020-03-12,Brazil,18,,52,
2020-03-13,Brazil,25,,77,
2020-03-14,Brazil,21,,98,
2020-03-15,Brazil,23,,121,
2020-03-16,Brazil,79,,200,
2020-03-17,Brazil,34,,234,
2020-03-10,Brunei,,,1,
2020-03-11,Brunei,0,,1,
2020-03-12,Brunei,11,,12,
2020-03-13,Brunei,0,,12,
2020-03-14,Brunei,13,,25,
2020-03-15,Brunei,15,,40,
2020-03-16,Brunei,10,,50,
2020-03-17,Brunei,0,,50,
2020-03-08,Bulgaria,,,2,
2020-03-09,Bulgaria,2,,4,
2020-03-10,Bulgaria,0,,4,
2020-03-11,Bulgaria,2,,6,
2020-03-12,Bulgaria,1,,7,1
2020-03-13,Bulgaria,0,0,7,1
2020-03-14,Bulgaria,0,0,7,1
2020-03-15,Bulgaria,36,1,43,2
2020-03-16,Bulgaria,8,0,51,2
2020-03-17,Bulgaria,16,0,67,2
2020-03-11,Burkina Faso,,,2,
2020-03-12,Burkina Faso,0,,2,
2020-03-13,Burkina Faso,0,,2,
2020-03-14,Burkina Faso,0,,2,
2020-03-15,Burkina Faso,1,,3,
2020-03-16,Burkina Faso,0,,3,
2020-03-17,Burkina Faso,12,,15,
2020-01-28,Cambodia,,,1,
2020-01-29,Cambodia,0,,1,
2020-01-30,Cambodia,0,,1,
2020-01-31,Cambodia,0,,1,
2020-02-01,Cambodia,0,,1,
2020-02-02,Cambodia,0,,1,
2020-02-03,Cambodia,0,,1,
2020-02-04,Cambodia,0,,1,
2020-02-05,Cambodia,0,,1,
2020-02-06,Cambodia,0,,1,
2020-02-07,Cambodia,0,,1,
2020-02-08,Cambodia,0,,1,
2020-02-09,Cambodia,0,,1,
2020-02-10,Cambodia,0,,1,
2020-02-11,Cambodia,0,,1,
2020-02-12,Cambodia,0,,1,
2020-02-13,Cambodia,0,,1,
2020-02-14,Cambodia,0,,1,
2020-02-15,Cambodia,0,,1,
2020-02-16,Cambodia,0,,1,
2020-02-17,Cambodia,0,,1,
2020-02-18,Cambodia,0,,1,
2020-02-19,Cambodia,0,,1,
2020-02-20,Cambodia,0,,1,
2020-02-21,Cambodia,0,,1,
2020-02-22,Cambodia,0,,1,
2020-02-23,Cambodia,0,,1,
2020-02-24,Cambodia,0,,1,
2020-02-25,Cambodia,0,,1,
2020-02-26,Cambodia,0,,1,
2020-02-27,Cambodia,0,,1,
2020-02-28,Cambodia,0,,1,
2020-02-29,Cambodia,0,,1,
2020-03-01,Cambodia,0,,1,
2020-03-02,Cambodia,0,,1,
2020-03-03,Cambodia,0,,1,
2020-03-04,Cambodia,0,,1,
2020-03-05,Cambodia,0,,1,
2020-03-06,Cambodia,0,,1,
2020-03-07,Cambodia,0,,1,
2020-03-08,Cambodia,1,,2,
2020-03-09,Cambodia,0,,2,
2020-03-10,Cambodia,0,,2,
2020-03-11,Cambodia,1,,3,
2020-03-12,Cambodia,0,,3,
2020-03-13,Cambodia,2,,5,
2020-03-14,Cambodia,2,,7,
2020-03-15,Cambodia,0,,7,
2020-03-16,Cambodia,5,,12,
2020-03-17,Cambodia,12,,24,
2020-03-06,Cameroon,,,1,
2020-03-07,Cameroon,1,,2,
2020-03-08,Cameroon,0,,2,
2020-03-09,Cameroon,0,,2,
2020-03-10,Cameroon,0,,2,
2020-03-11,Cameroon,0,,2,
2020-03-12,Cameroon,0,,2,
2020-03-13,Cameroon,0,,2,
2020-03-14,Cameroon,0,,2,
2020-03-15,Cameroon,1,,3,
2020-03-16,Cameroon,0,,3,
2020-03-17,Cameroon,2,,5,
2020-01-27,Canada,,,1,
2020-01-28,Canada,1,,2,
2020-01-29,Canada,1,,3,
2020-01-30,Canada,0,,3,
2020-01-31,Canada,0,,3,
2020-02-01,Canada,1,,4,
2020-02-02,Canada,0,,4,
2020-02-03,Canada,0,,4,
2020-02-04,Canada,0,,4,
2020-02-05,Canada,1,,5,
2020-02-06,Canada,0,,5,
2020-02-07,Canada,2,,7,
2020-02-08,Canada,0,,7,
2020-02-09,Canada,0,,7,
2020-02-10,Canada,0,,7,
2020-02-11,Canada,0,,7,
2020-02-12,Canada,0,,7,
2020-02-13,Canada,0,,7,
2020-02-14,Canada,0,,7,
2020-02-15,Canada,0,,7,
2020-02-16,Canada,0,,7,
2020-02-17,Canada,0,,7,
2020-02-18,Canada,1,,8,
2020-02-19,Canada,0,,8,
2020-02-20,Canada,0,,8,
2020-02-21,Canada,0,,8,
2020-02-22,Canada,0,,8,
2020-02-23,Canada,1,,9,
2020-02-24,Canada,0,,9,
2020-02-25,Canada,1,,10,
2020-02-26,Canada,0,,10,
2020-02-27,Canada,1,,11,
2020-02-28,Canada,0,,11,
2020-02-29,Canada,3,,14,
2020-03-01,Canada,5,,19,
2020-03-02,Canada,0,,19,
2020-03-03,Canada,8,,27,
2020-03-04,Canada,3,,30,
2020-03-05,Canada,0,,30,
2020-03-06,Canada,15,,45,
2020-03-07,Canada,6,,51,
2020-03-08,Canada,6,,57,
2020-03-09,Canada,5,,62,
2020-03-10,Canada,15,,77,
2020-03-11,Canada,16,,93,1
2020-03-12,Canada,0,0,93,1
2020-03-13,Canada,45,0,138,1
2020-03-14,Canada,38,0,176,1
2020-03-15,Canada,68,0,244,1
2020-03-16,Canada,60,0,304,1
2020-03-17,Canada,120,0,424,1
2020-03-14,Cayman Islands,,,1,
2020-03-15,Cayman Islands,0,,1,
2020-03-16,Cayman Islands,0,,1,1
2020-03-17,Cayman Islands,0,0,1,1
2020-03-15,Central African Republic,,,1,
2020-03-16,Central African Republic,0,,1,
2020-03-17,Central African Republic,0,,1,
2020-03-04,Chile,,,1,
2020-03-05,Chile,0,,1,
2020-03-06,Chile,0,,1,
2020-03-07,Chile,4,,5,
2020-03-08,Chile,0,,5,
2020-03-09,Chile,5,,10,
2020-03-10,Chile,3,,13,
2020-03-11,Chile,4,,17,
2020-03-12,Chile,6,,23,
2020-03-13,Chile,10,,33,
2020-03-14,Chile,10,,43,
2020-03-15,Chile,18,,61,
2020-03-16,Chile,14,,75,
2020-03-17,Chile,81,,156,
2020-01-21,China,,,278,6
2020-01-22,China,32,0,310,6
2020-01-23,China,264,11,574,17
2020-01-24,China,261,8,835,25
2020-01-25,China,462,16,1297,41
2020-01-26,China,688,15,1985,56
2020-01-27,China,776,24,2761,80
2020-01-28,China,1776,26,4537,106
2020-01-29,China,1460,26,5997,132
2020-01-30,China,1739,38,7736,170
2020-01-31,China,1984,43,9720,213
2020-02-01,China,2101,46,11821,259
2020-02-02,China,2590,45,14411,304
2020-02-03,China,2827,57,17238,361
2020-02-04,China,3233,64,20471,425
2020-02-05,China,3892,66,24363,491
2020-02-06,China,3697,73,28060,564
2020-02-07,China,3151,73,31211,637
2020-02-08,China,3387,86,34598,723
2020-02-09,China,2653,89,37251,812
2020-02-10,China,2984,97,40235,909
2020-02-11,China,2473,108,42708,1017
2020-02-12,China,2022,97,44730,1114
2020-02-13,China,1820,254,46550,1368
2020-02-14,China,1998,13,48548,1381
2020-02-15,China,1506,143,50054,1524
2020-02-16,China,1120,142,51174,1666
2020-02-17,China,19461,106,70635,1772
2020-02-18,China,1893,98,72528,1870
2020-02-19,China,1752,136,74280,2006
2020-02-20,China,395,115,74675,2121
2020-02-21,China,894,118,75569,2239
2020-02-22,China,823,109,76392,2348
2020-02-23,China,650,97,77042,2445
2020-02-24,China,220,150,77262,2595
2020-02-25,China,518,71,77780,2666
2020-02-26,China,411,52,78191,2718
2020-02-27,China,439,29,78630,2747
2020-02-28,China,331,44,78961,2791
2020-02-29,China,433,47,79394,2838
2020-03-01,China,574,35,79968,2873
2020-03-02,China,206,42,80174,2915
2020-03-03,China,130,31,80304,2946
2020-03-04,China,118,38,80422,2984
2020-03-05,China,143,31,80565,3015
2020-03-06,China,146,30,80711,3045
2020-03-07,China,102,28,80813,3073
2020-03-08,China,46,27,80859,3100
2020-03-09,China,45,23,80904,3123
2020-03-10,China,20,17,80924,3140
2020-03-11,China,31,22,80955,3162
2020-03-12,China,26,11,80981,3173
2020-03-13,China,10,7,80991,3180
2020-03-14,China,30,14,81021,3194
2020-03-15,China,27,10,81048,3204
2020-03-16,China,29,14,81077,3218
2020-03-17,China,39,13,81116,3231
2020-03-07,Colombia,,,1,
2020-03-08,Colombia,0,,1,
2020-03-09,Colombia,0,,1,
2020-03-10,Colombia,2,,3,
2020-03-11,Colombia,0,,3,
2020-03-12,Colombia,6,,9,
2020-03-13,Colombia,0,,9,
2020-03-14,Colombia,7,,16,
2020-03-15,Colombia,8,,24,
2020-03-16,Colombia,0,,24,
2020-03-17,Colombia,21,,45,
2020-03-15,Congo,,,1,
2020-03-16,Congo,0,,1,
2020-03-17,Congo,0,,1,
2020-03-08,Costa Rica,,,5,
2020-03-09,Costa Rica,4,,9,
2020-03-10,Costa Rica,0,,9,
2020-03-11,Costa Rica,4,,13,
2020-03-12,Costa Rica,0,,13,
2020-03-13,Costa Rica,9,,22,
2020-03-14,Costa Rica,1,,23,
2020-03-15,Costa Rica,0,,23,
2020-03-16,Costa Rica,0,,23,
2020-03-17,Costa Rica,18,,41,
2020-02-26,Croatia,,,2,
2020-02-27,Croatia,1,,3,
2020-02-28,Croatia,0,,3,
2020-02-29,Croatia,2,,5,
2020-03-01,Croatia,2,,7,
2020-03-02,Croatia,0,,7,
2020-03-03,Croatia,1,,8,
2020-03-04,Croatia,1,,9,
2020-03-05,Croatia,0,,9,
2020-03-06,Croatia,1,,10,
2020-03-07,Croatia,1,,11,
2020-03-08,Croatia,0,,11,
2020-03-09,Croatia,0,,11,
2020-03-10,Croatia,1,,12,
2020-03-11,Croatia,4,,16,
2020-03-12,Croatia,0,,16,
2020-03-13,Croatia,0,,16,
2020-03-14,Croatia,11,,27,
2020-03-15,Croatia,10,,37,
2020-03-16,Croatia,12,,49,
2020-03-17,Croatia,7,,56,
2020-03-13,Cuba,,,3,
2020-03-14,Cuba,1,,4,
2020-03-15,Cuba,0,,4,
2020-03-16,Cuba,0,,4,
2020-03-17,Cuba,1,,5,
2020-03-15,Curacao,,,2,
2020-03-16,Curacao,0,,2,
2020-03-17,Curacao,1,,3,
2020-03-10,Cyprus,,,2,
2020-03-11,Cyprus,0,,2,
2020-03-12,Cyprus,4,,6,
2020-03-13,Cyprus,0,,6,
2020-03-14,Cyprus,8,,14,
2020-03-15,Cyprus,7,,21,
2020-03-16,Cyprus,12,,33,
2020-03-17,Cyprus,0,,33,
2020-03-02,Czech Republic,,,3,
2020-03-03,Czech Republic,0,,3,
2020-03-04,Czech Republic,2,,5,
2020-03-05,Czech Republic,0,,5,
2020-03-06,Czech Republic,7,,12,
2020-03-07,Czech Republic,0,,12,
2020-03-08,Czech Republic,14,,26,
2020-03-09,Czech Republic,6,,32,
2020-03-10,Czech Republic,6,,38,
2020-03-11,Czech Republic,23,,61,
2020-03-12,Czech Republic,33,,94,
2020-03-13,Czech Republic,22,,116,
2020-03-14,Czech Republic,34,,150,
2020-03-15,Czech Republic,64,,214,
2020-03-16,Czech Republic,84,,298,
2020-03-17,Czech Republic,85,,383,
2020-03-12,Cote d'Ivoire,,,1,
2020-03-13,Cote d'Ivoire,0,,1,
2020-03-14,Cote d'Ivoire,0,,1,
2020-03-15,Cote d'Ivoire,2,,3,
2020-03-16,Cote d'Ivoire,0,,3,
2020-03-17,Cote d'Ivoire,3,,6,
2020-03-11,Democratic Republic of Congo,,,1,
2020-03-12,Democratic Republic of Congo,0,,1,
2020-03-13,Democratic Republic of Congo,0,,1,
2020-03-14,Democratic Republic of Congo,1,,2,
2020-03-15,Democratic Republic of Congo,0,,2,
2020-03-16,Democratic Republic of Congo,0,,2,
2020-03-17,Democratic Republic of Congo,1,,3,
2020-02-27,Denmark,,,1,
2020-02-28,Denmark,0,,1,
2020-02-29,Denmark,1,,2,
2020-03-01,Denmark,1,,3,
2020-03-02,Denmark,1,,4,
2020-03-03,Denmark,1,,5,
2020-03-04,Denmark,3,,8,
2020-03-05,Denmark,2,,10,
2020-03-06,Denmark,8,,18,
2020-03-07,Denmark,5,,23,
2020-03-08,Denmark,8,,31,
2020-03-09,Denmark,5,,36,
2020-03-10,Denmark,54,,90,
2020-03-11,Denmark,172,,262,
2020-03-12,Denmark,353,,615,
2020-03-13,Denmark,59,,674,
2020-03-14,Denmark,127,,801,
2020-03-15,Denmark,26,,827,
2020-03-16,Denmark,71,,898,1
2020-03-17,Denmark,62,3,960,4
2020-03-02,Dominican Republic,,,1,
2020-03-03,Dominican Republic,0,,1,
2020-03-04,Dominican Republic,0,,1,
2020-03-05,Dominican Republic,0,,1,
2020-03-06,Dominican Republic,0,,1,
2020-03-07,Dominican Republic,0,,1,
2020-03-08,Dominican Republic,0,,1,
2020-03-09,Dominican Republic,0,,1,
2020-03-10,Dominican Republic,4,,5,
2020-03-11,Dominican Republic,0,,5,
2020-03-12,Dominican Republic,0,,5,
2020-03-13,Dominican Republic,0,,5,
2020-03-14,Dominican Republic,0,,5,
2020-03-15,Dominican Republic,0,,5,
2020-03-16,Dominican Republic,0,,5,
2020-03-17,Dominican Republic,16,,21,1
2020-03-01,Ecuador,,,1,
2020-03-02,Ecuador,0,,1,
2020-03-03,Ecuador,5,,6,
2020-03-04,Ecuador,1,,7,
2020-03-05,Ecuador,0,,7,
2020-03-06,Ecuador,6,,13,
2020-03-07,Ecuador,1,,14,
2020-03-08,Ecuador,0,,14,
2020-03-09,Ecuador,1,,15,
2020-03-10,Ecuador,0,,15,
2020-03-11,Ecuador,0,,15,
2020-03-12,Ecuador,2,,17,
2020-03-13,Ecuador,0,,17,
2020-03-14,Ecuador,6,,23,
2020-03-15,Ecuador,0,,23,
2020-03-16,Ecuador,14,,37,2
2020-03-17,Ecuador,21,0,58,2
2020-02-15,Egypt,,,1,
2020-02-16,Egypt,0,,1,
2020-02-17,Egypt,0,,1,
2020-02-18,Egypt,0,,1,
2020-02-19,Egypt,0,,1,
2020-02-20,Egypt,0,,1,
2020-02-21,Egypt,0,,1,
2020-02-22,Egypt,0,,1,
2020-02-23,Egypt,0,,1,
2020-02-24,Egypt,0,,1,
2020-02-25,Egypt,0,,1,
2020-02-26,Egypt,0,,1,
2020-02-27,Egypt,0,,1,
2020-02-28,Egypt,0,,1,
2020-02-29,Egypt,0,,1,
2020-03-01,Egypt,0,,1,
2020-03-02,Egypt,1,,2,
2020-03-03,Egypt,0,,2,
2020-03-04,Egypt,0,,2,
2020-03-05,Egypt,0,,2,
2020-03-06,Egypt,1,,3,
2020-03-07,Egypt,0,,3,
2020-03-08,Egypt,45,,48,
2020-03-09,Egypt,7,,55,1
2020-03-10,Egypt,4,0,59,1
2020-03-11,Egypt,0,0,59,1
2020-03-12,Egypt,8,0,67,1
2020-03-13,Egypt,0,0,67,1
2020-03-14,Egypt,26,1,93,2
2020-03-15,Egypt,0,0,93,2
2020-03-16,Egypt,33,0,126,2
2020-03-17,Egypt,40,2,166,4
2020-03-15,Equatorial Guinea,,,1,
2020-03-16,Equatorial Guinea,0,,1,
2020-03-17,Equatorial Guinea,0,,1,
2020-02-27,Estonia,,,1,
2020-02-28,Estonia,0,,1,
2020-02-29,Estonia,0,,1,
2020-03-01,Estonia,0,,1,
2020-03-02,Estonia,0,,1,
2020-03-03,Estonia,0,,1,
2020-03-04,Estonia,1,,2,
2020-03-05,Estonia,0,,2,
2020-03-06,Estonia,1,,3,
2020-03-07,Estonia,7,,10,
2020-03-08,Estonia,0,,10,
2020-03-09,Estonia,0,,10,
2020-03-10,Estonia,0,,10,
2020-03-11,Estonia,3,,13,
2020-03-12,Estonia,0,,13,
2020-03-13,Estonia,0,,13,
2020-03-14,Estonia,66,,79,
2020-03-15,Estonia,0,,79,
2020-03-16,Estonia,126,,205,
2020-03-17,Estonia,0,,205,
2020-03-15,Swaziland,,,1,
2020-03-16,Swaziland,0,,1,
2020-03-17,Swaziland,0,,1,
2020-03-14,Ethiopia,,,1,
2020-03-15,Ethiopia,0,,1,
2020-03-16,Ethiopia,0,,1,
2020-03-17,Ethiopia,4,,5,
2020-03-08,Faeroe Islands,,,1,
2020-03-09,Faeroe Islands,1,,2,
2020-03-10,Faeroe Islands,0,,2,
2020-03-11,Faeroe Islands,0,,2,
2020-03-12,Faeroe Islands,0,,2,
2020-03-13,Faeroe Islands,0,,2,
2020-03-14,Faeroe Islands,1,,3,
2020-03-15,Faeroe Islands,6,,9,
2020-03-16,Faeroe Islands,2,,11,
2020-03-17,Faeroe Islands,36,,47,
2020-01-30,Finland,,,1,
2020-01-31,Finland,0,,1,
2020-02-01,Finland,0,,1,
2020-02-02,Finland,0,,1,
2020-02-03,Finland,0,,1,
2020-02-04,Finland,0,,1,
2020-02-05,Finland,0,,1,
2020-02-06,Finland,0,,1,
2020-02-07,Finland,0,,1,
2020-02-08,Finland,0,,1,
2020-02-09,Finland,0,,1,
2020-02-10,Finland,0,,1,
2020-02-11,Finland,0,,1,
2020-02-12,Finland,0,,1,
2020-02-13,Finland,0,,1,
2020-02-14,Finland,0,,1,
2020-02-15,Finland,0,,1,
2020-02-16,Finland,0,,1,
2020-02-17,Finland,0,,1,
2020-02-18,Finland,0,,1,
2020-02-19,Finland,0,,1,
2020-02-20,Finland,0,,1,
2020-02-21,Finland,0,,1,
2020-02-22,Finland,0,,1,
2020-02-23,Finland,0,,1,
2020-02-24,Finland,0,,1,
2020-02-25,Finland,0,,1,
2020-02-26,Finland,0,,1,
2020-02-27,Finland,1,,2,
2020-02-28,Finland,0,,2,
2020-02-29,Finland,0,,2,
2020-03-01,Finland,0,,2,
2020-03-02,Finland,4,,6,
2020-03-03,Finland,1,,7,
2020-03-04,Finland,0,,7,
2020-03-05,Finland,0,,7,
2020-03-06,Finland,5,,12,
2020-03-07,Finland,7,,19,
2020-03-08,Finland,0,,19,
2020-03-09,Finland,11,,30,
2020-03-10,Finland,10,,40,
2020-03-11,Finland,0,,40,
2020-03-12,Finland,0,,40,
2020-03-13,Finland,69,,109,
2020-03-14,Finland,0,,109,
2020-03-15,Finland,101,,210,
2020-03-16,Finland,57,,267,
2020-03-17,Finland,5,,272,
2020-01-25,France,,,3,
2020-01-26,France,0,,3,
2020-01-27,France,0,,3,
2020-01-28,France,0,,3,
2020-01-29,France,1,,4,
2020-01-30,France,1,,5,
2020-01-31,France,1,,6,
2020-02-01,France,0,,6,
2020-02-02,France,0,,6,
2020-02-03,France,0,,6,
2020-02-04,France,0,,6,
2020-02-05,France,0,,6,
2020-02-06,France,0,,6,
2020-02-07,France,0,,6,
2020-02-08,France,0,,6,
2020-02-09,France,5,,11,
2020-02-10,France,0,,11,
2020-02-11,France,0,,11,
2020-02-12,France,0,,11,
2020-02-13,France,0,,11,
2020-02-14,France,0,,11,
2020-02-15,France,0,,11,
2020-02-16,France,1,,12,1
2020-02-17,France,0,0,12,1
2020-02-18,France,0,0,12,1
2020-02-19,France,0,0,12,1
2020-02-20,France,0,0,12,1
2020-02-21,France,0,0,12,1
2020-02-22,France,0,0,12,1
2020-02-23,France,0,0,12,1
2020-02-24,France,0,0,12,1
2020-02-25,France,0,0,12,1
2020-02-26,France,0,0,12,1
2020-02-27,France,6,1,18,2
2020-02-28,France,20,0,38,2
2020-02-29,France,19,0,57,2
2020-03-01,France,43,0,100,2
2020-03-02,France,0,0,100,2
2020-03-03,France,91,1,191,3
2020-03-04,France,21,1,212,4
2020-03-05,France,70,0,282,4
2020-03-06,France,138,2,420,6
2020-03-07,France,193,3,613,9
2020-03-08,France,93,1,706,10
2020-03-09,France,410,9,1116,19
2020-03-10,France,286,11,1402,30
2020-03-11,France,372,3,1774,33
2020-03-12,France,495,15,2269,48
2020-03-13,France,591,13,2860,61
2020-03-14,France,780,18,3640,79
2020-03-15,France,829,12,4469,91
2020-03-16,France,911,36,5380,127
2020-03-17,France,1193,21,6573,148
2020-03-08,French Guiana,,,5,
2020-03-09,French Guiana,0,,5,
2020-03-10,French Guiana,0,,5,
2020-03-11,French Guiana,0,,5,
2020-03-12,French Guiana,0,,5,
2020-03-13,French Guiana,1,,6,
2020-03-14,French Guiana,0,,6,
2020-03-15,French Guiana,1,,7,
2020-03-16,French Guiana,0,,7,
2020-03-17,French Guiana,0,,7,
2020-03-12,French Polynesia,,,1,
2020-03-13,French Polynesia,0,,1,
2020-03-14,French Polynesia,0,,1,
2020-03-15,French Polynesia,2,,3,
2020-03-16,French Polynesia,0,,3,
2020-03-17,French Polynesia,0,,3,
2020-03-14,Gabon,,,1,
2020-03-15,Gabon,0,,1,
2020-03-16,Gabon,0,,1,
2020-03-17,Gabon,0,,1,
2020-02-27,Georgia,,,1,
2020-02-28,Georgia,0,,1,
2020-02-29,Georgia,1,,2,
2020-03-01,Georgia,1,,3,
2020-03-02,Georgia,0,,3,
2020-03-03,Georgia,0,,3,
2020-03-04,Georgia,0,,3,
2020-03-05,Georgia,0,,3,
2020-03-06,Georgia,6,,9,
2020-03-07,Georgia,0,,9,
2020-03-08,Georgia,3,,12,
2020-03-09,Georgia,1,,13,
2020-03-10,Georgia,2,,15,
2020-03-11,Georgia,8,,23,
2020-03-12,Georgia,0,,23,
2020-03-13,Georgia,2,,25,
2020-03-14,Georgia,0,,25,
2020-03-15,Georgia,5,,30,
2020-03-16,Georgia,3,,33,
2020-03-17,Georgia,0,,33,
2020-01-28,Germany,,,1,
2020-01-29,Germany,3,,4,
2020-01-30,Germany,0,,4,
2020-01-31,Germany,1,,5,
2020-02-01,Germany,2,,7,
2020-02-02,Germany,1,,8,
2020-02-03,Germany,2,,10,
2020-02-04,Germany,2,,12,
2020-02-05,Germany,0,,12,
2020-02-06,Germany,0,,12,
2020-02-07,Germany,1,,13,
2020-02-08,Germany,1,,14,
2020-02-09,Germany,0,,14,
2020-02-10,Germany,0,,14,
2020-02-11,Germany,0,,14,
2020-02-12,Germany,2,,16,
2020-02-13,Germany,0,,16,
2020-02-14,Germany,0,,16,
2020-02-15,Germany,0,,16,
2020-02-16,Germany,0,,16,
2020-02-17,Germany,0,,16,
2020-02-18,Germany,0,,16,
2020-02-19,Germany,0,,16,
2020-02-20,Germany,0,,16,
2020-02-21,Germany,0,,16,
2020-02-22,Germany,0,,16,
2020-02-23,Germany,0,,16,
2020-02-24,Germany,0,,16,
2020-02-25,Germany,0,,16,
2020-02-26,Germany,2,,18,
2020-02-27,Germany,3,,21,
2020-02-28,Germany,5,,26,
2020-02-29,Germany,31,,57,
2020-03-01,Germany,0,,57,
2020-03-02,Germany,72,,129,
2020-03-03,Germany,28,,157,
2020-03-04,Germany,39,,196,
2020-03-05,Germany,66,,262,
2020-03-06,Germany,272,,534,
2020-03-07,Germany,105,,639,
2020-03-08,Germany,156,,795,
2020-03-09,Germany,317,,1112,
2020-03-10,Germany,27,,1139,2
2020-03-11,Germany,157,0,1296,2
2020-03-12,Germany,271,1,1567,3
2020-03-13,Germany,802,3,2369,6
2020-03-14,Germany,693,0,3062,6
2020-03-15,Germany,733,2,3795,8
2020-03-16,Germany,1043,4,4838,12
2020-03-17,Germany,1174,1,6012,13
2020-03-14,Ghana,,,1,
2020-03-15,Ghana,1,,2,
2020-03-16,Ghana,0,,2,
2020-03-17,Ghana,4,,6,
2020-03-05,Gibraltar,,,1,
2020-03-06,Gibraltar,0,,1,
2020-03-07,Gibraltar,0,,1,
2020-03-08,Gibraltar,0,,1,
2020-03-09,Gibraltar,0,,1,
2020-03-10,Gibraltar,0,,1,
2020-03-11,Gibraltar,0,,1,
2020-03-12,Gibraltar,0,,1,
2020-03-13,Gibraltar,0,,1,
2020-03-14,Gibraltar,0,,1,
2020-03-15,Gibraltar,0,,1,
2020-03-16,Gibraltar,0,,1,
2020-03-17,Gibraltar,2,,3,
2020-02-27,Greece,,,1,
2020-02-28,Greece,2,,3,
2020-02-29,Greece,0,,3,
2020-03-01,Greece,0,,3,
2020-03-02,Greece,4,,7,
2020-03-03,Greece,0,,7,
2020-03-04,Greece,0,,7,
2020-03-05,Greece,2,,9,
2020-03-06,Greece,23,,32,
2020-03-07,Greece,0,,32,
2020-03-08,Greece,34,,66,
2020-03-09,Greece,7,,73,
2020-03-10,Greece,0,,73,
2020-03-11,Greece,16,,89,
2020-03-12,Greece,9,,98,1
2020-03-13,Greece,0,0,98,1
2020-03-14,Greece,0,0,98,1
2020-03-15,Greece,130,1,228,2
2020-03-16,Greece,103,2,331,4
2020-03-17,Greece,0,0,331,4
2020-03-14,Guadeloupe,,,1,
2020-03-15,Guadeloupe,2,,3,
2020-03-16,Guadeloupe,3,,6,
2020-03-17,Guadeloupe,12,,18,
2020-03-17,Guam,,,3,
2020-03-16,Guatemala,,,1,1
2020-03-17,Guatemala,0,0,1,1
2020-03-10,Guernsey,,,1,
2020-03-11,Guernsey,0,,1,
2020-03-12,Guernsey,0,,1,
2020-03-13,Guernsey,0,,1,
2020-03-14,Guernsey,0,,1,
2020-03-15,Guernsey,0,,1,
2020-03-16,Guernsey,0,,1,
2020-03-17,Guernsey,0,,1,
2020-03-14,Guinea,,,1,
2020-03-15,Guinea,0,,1,
2020-03-16,Guinea,0,,1,
2020-03-17,Guinea,0,,1,
2020-03-13,Guyana,,,1,1
2020-03-14,Guyana,0,0,1,1
2020-03-15,Guyana,0,0,1,1
2020-03-16,Guyana,3,0,4,1
2020-03-17,Guyana,0,0,4,1
2020-03-07,Vatican,,,1,
2020-03-08,Vatican,0,,1,
2020-03-09,Vatican,0,,1,
2020-03-10,Vatican,0,,1,
2020-03-11,Vatican,0,,1,
2020-03-12,Vatican,0,,1,
2020-03-13,Vatican,0,,1,
2020-03-14,Vatican,0,,1,
2020-03-15,Vatican,0,,1,
2020-03-16,Vatican,0,,1,
2020-03-17,Vatican,0,,1,
2020-03-12,Honduras,,,2,
2020-03-13,Honduras,0,,2,
2020-03-14,Honduras,0,,2,
2020-03-15,Honduras,0,,2,
2020-03-16,Honduras,0,,2,
2020-03-17,Honduras,6,,8,
2020-03-05,Hungary,,,2,
2020-03-06,Hungary,0,,2,
2020-03-07,Hungary,3,,5,
2020-03-08,Hungary,2,,7,
2020-03-09,Hungary,2,,9,
2020-03-10,Hungary,0,,9,
2020-03-11,Hungary,4,,13,
2020-03-12,Hungary,0,,13,
2020-03-13,Hungary,3,,16,
2020-03-14,Hungary,3,,19,
2020-03-15,Hungary,13,,32,
2020-03-16,Hungary,7,,39,1
2020-03-17,Hungary,11,0,50,1
2020-03-02,Iceland,,,2,
2020-03-03,Iceland,7,,9,
2020-03-04,Iceland,7,,16,
2020-03-05,Iceland,10,,26,
2020-03-06,Iceland,0,,26,
2020-03-07,Iceland,19,,45,
2020-03-08,Iceland,0,,45,
2020-03-09,Iceland,10,,55,
2020-03-10,Iceland,0,,55,
2020-03-11,Iceland,6,,61,
2020-03-12,Iceland,0,,61,
2020-03-13,Iceland,0,,61,
2020-03-14,Iceland,0,,61,
2020-03-15,Iceland,77,,138,
2020-03-16,Iceland,0,,138,
2020-03-17,Iceland,61,,199,
2020-01-30,India,,,1,
2020-01-31,India,0,,1,
2020-02-01,India,0,,1,
2020-02-02,India,1,,2,
2020-02-03,India,1,,3,
2020-02-04,India,0,,3,
2020-02-05,India,0,,3,
2020-02-06,India,0,,3,
2020-02-07,India,0,,3,
2020-02-08,India,0,,3,
2020-02-09,India,0,,3,
2020-02-10,India,0,,3,
2020-02-11,India,0,,3,
2020-02-12,India,0,,3,
2020-02-13,India,0,,3,
2020-02-14,India,0,,3,
2020-02-15,India,0,,3,
2020-02-16,India,0,,3,
2020-02-17,India,0,,3,
2020-02-18,India,0,,3,
2020-02-19,India,0,,3,
2020-02-20,India,0,,3,
2020-02-21,India,0,,3,
2020-02-22,India,0,,3,
2020-02-23,India,0,,3,
2020-02-24,India,0,,3,
2020-02-25,India,0,,3,
2020-02-26,India,0,,3,
2020-02-27,India,0,,3,
2020-02-28,India,0,,3,
2020-02-29,India,0,,3,
2020-03-01,India,0,,3,
2020-03-02,India,0,,3,
2020-03-03,India,2,,5,
2020-03-04,India,1,,6,
2020-03-05,India,23,,29,
2020-03-06,India,1,,30,
2020-03-07,India,1,,31,
2020-03-08,India,3,,34,
2020-03-09,India,9,,43,
2020-03-10,India,1,,44,
2020-03-11,India,16,,60,
2020-03-12,India,13,,73,
2020-03-13,India,1,,74,1
2020-03-14,India,8,1,82,2
2020-03-15,India,25,0,107,2
2020-03-16,India,7,0,114,2
2020-03-17,India,23,1,137,3
2020-03-02,Indonesia,,,2,
2020-03-03,Indonesia,0,,2,
2020-03-04,Indonesia,0,,2,
2020-03-05,Indonesia,0,,2,
2020-03-06,Indonesia,0,,2,
2020-03-07,Indonesia,0,,2,
2020-03-08,Indonesia,4,,6,
2020-03-09,Indonesia,0,,6,
2020-03-10,Indonesia,13,,19,
2020-03-11,Indonesia,8,,27,1
2020-03-12,Indonesia,7,0,34,1
2020-03-13,Indonesia,0,0,34,1
2020-03-14,Indonesia,35,2,69,3
2020-03-15,Indonesia,48,1,117,4
2020-03-16,Indonesia,0,0,117,4
2020-03-17,Indonesia,55,1,172,5
2020-02-06,International,,,20,
2020-02-07,International,41,,61,
2020-02-08,International,3,,64,
2020-02-09,International,0,,64,
2020-02-10,International,6,,70,
2020-02-11,International,65,,135,
2020-02-12,International,40,,175,
2020-02-13,International,-1,,174,
2020-02-14,International,44,,218,
2020-02-15,International,0,,218,
2020-02-16,International,137,,355,
2020-02-17,International,99,,454,
2020-02-18,International,0,,454,
2020-02-19,International,88,,542,
2020-02-20,International,79,,621,2
2020-02-21,International,13,0,634,2
2020-02-22,International,0,0,634,2
2020-02-23,International,0,1,634,3
2020-02-24,International,61,0,695,3
2020-02-25,International,-4,0,691,3
2020-02-26,International,0,0,691,3
2020-02-27,International,14,1,705,4
2020-02-28,International,0,0,705,4
2020-02-29,International,0,2,705,6
2020-03-01,International,0,0,705,6
2020-03-02,International,1,0,706,6
2020-03-03,International,0,0,706,6
2020-03-04,International,0,0,706,6
2020-03-05,International,0,0,706,6
2020-03-06,International,-10,0,696,6
2020-03-07,International,0,0,696,6
2020-03-08,International,0,1,696,7
2020-03-09,International,0,0,696,7
2020-03-10,International,0,0,696,7
2020-03-11,International,0,0,696,7
2020-03-12,International,0,0,696,7
2020-03-13,International,0,0,696,7
2020-03-14,International,1,0,697,7
2020-03-15,International,0,0,697,7
2020-03-16,International,15,0,712,7
2020-03-17,International,0,0,712,7
2020-02-20,Iran,,,2,2
2020-02-21,Iran,3,0,5,2
2020-02-22,Iran,13,2,18,4
2020-02-23,Iran,10,1,28,5
2020-02-24,Iran,15,3,43,8
2020-02-25,Iran,18,4,61,12
2020-02-26,Iran,34,3,95,15
2020-02-27,Iran,46,7,141,22
2020-02-28,Iran,104,4,245,26
2020-02-29,Iran,143,8,388,34
2020-03-01,Iran,205,9,593,43
2020-03-02,Iran,385,11,978,54
2020-03-03,Iran,523,12,1501,66
2020-03-04,Iran,835,11,2336,77
2020-03-05,Iran,586,15,2922,92
2020-03-06,Iran,591,15,3513,107
2020-03-07,Iran,1234,17,4747,124
2020-03-08,Iran,1076,21,5823,145
2020-03-09,Iran,743,49,6566,194
2020-03-10,Iran,595,43,7161,237
2020-03-11,Iran,881,54,8042,291
2020-03-12,Iran,958,63,9000,354
2020-03-13,Iran,1075,75,10075,429
2020-03-14,Iran,1289,85,11364,514
2020-03-15,Iran,1365,94,12729,608
2020-03-16,Iran,2262,245,14991,853
2020-03-17,Iran,0,0,14991,853
2020-02-25,Iraq,,,1,
2020-02-26,Iraq,4,,5,
2020-02-27,Iraq,1,,6,
2020-02-28,Iraq,1,,7,
2020-02-29,Iraq,1,,8,
2020-03-01,Iraq,5,,13,
2020-03-02,Iraq,6,,19,
2020-03-03,Iraq,7,,26,
2020-03-04,Iraq,5,,31,
2020-03-05,Iraq,5,,36,2
2020-03-06,Iraq,0,0,36,2
2020-03-07,Iraq,8,2,44,4
2020-03-08,Iraq,10,0,54,4
2020-03-09,Iraq,6,2,60,6
2020-03-10,Iraq,1,0,61,6
2020-03-11,Iraq,0,0,61,6
2020-03-12,Iraq,9,1,70,7
2020-03-13,Iraq,0,0,70,7
2020-03-14,Iraq,23,2,93,9
2020-03-15,Iraq,0,0,93,9
2020-03-16,Iraq,31,0,124,9
2020-03-17,Iraq,0,0,124,9
2020-03-01,Ireland,,,1,
2020-03-02,Ireland,0,,1,
2020-03-03,Ireland,0,,1,
2020-03-04,Ireland,1,,2,
2020-03-05,Ireland,0,,2,
2020-03-06,Ireland,12,,14,
2020-03-07,Ireland,4,,18,
2020-03-08,Ireland,1,,19,
2020-03-09,Ireland,2,,21,
2020-03-10,Ireland,3,,24,
2020-03-11,Ireland,10,,34,
2020-03-12,Ireland,9,,43,1
2020-03-13,Ireland,27,0,70,1
2020-03-14,Ireland,20,0,90,1
2020-03-15,Ireland,39,1,129,2
2020-03-16,Ireland,40,0,169,2
2020-03-17,Ireland,54,0,223,2
2020-02-22,Israel,,,1,
2020-02-23,Israel,0,,1,
2020-02-24,Israel,0,,1,
2020-02-25,Israel,1,,2,
2020-02-26,Israel,0,,2,
2020-02-27,Israel,0,,2,
2020-02-28,Israel,1,,3,
2020-02-29,Israel,2,,5,
2020-03-01,Israel,2,,7,
2020-03-02,Israel,0,,7,
2020-03-03,Israel,3,,10,
2020-03-04,Israel,2,,12,
2020-03-05,Israel,3,,15,
2020-03-06,Israel,0,,15,
2020-03-07,Israel,4,,19,
2020-03-08,Israel,6,,25,
2020-03-09,Israel,14,,39,
2020-03-10,Israel,0,,39,
2020-03-11,Israel,36,,75,
2020-03-12,Israel,0,,75,
2020-03-13,Israel,0,,75,
2020-03-14,Israel,25,,100,
2020-03-15,Israel,78,,178,
2020-03-16,Israel,22,,200,
2020-03-17,Israel,50,,250,
2020-01-31,Italy,,,2,
2020-02-01,Italy,0,,2,
2020-02-02,Italy,0,,2,
2020-02-03,Italy,0,,2,
2020-02-04,Italy,0,,2,
2020-02-05,Italy,0,,2,
2020-02-06,Italy,0,,2,
2020-02-07,Italy,1,,3,
2020-02-08,Italy,0,,3,
2020-02-09,Italy,0,,3,
2020-02-10,Italy,0,,3,
2020-02-11,Italy,0,,3,
2020-02-12,Italy,0,,3,
2020-02-13,Italy,0,,3,
2020-02-14,Italy,0,,3,
2020-02-15,Italy,0,,3,
2020-02-16,Italy,0,,3,
2020-02-17,Italy,0,,3,
2020-02-18,Italy,0,,3,
2020-02-19,Italy,0,,3,
2020-02-20,Italy,0,,3,
2020-02-21,Italy,0,,3,
2020-02-22,Italy,6,,9,
2020-02-23,Italy,67,,76,2
2020-02-24,Italy,48,0,124,2
2020-02-25,Italy,105,4,229,6
2020-02-26,Italy,93,5,322,11
2020-02-27,Italy,78,1,400,12
2020-02-28,Italy,250,5,650,17
2020-02-29,Italy,238,4,888,21
2020-03-01,Italy,240,8,1128,29
2020-03-02,Italy,561,6,1689,35
2020-03-03,Italy,347,17,2036,52
2020-03-04,Italy,466,28,2502,80
2020-03-05,Italy,587,27,3089,107
2020-03-06,Italy,769,41,3858,148
2020-03-07,Italy,778,49,4636,197
2020-03-08,Italy,1247,37,5883,234
2020-03-09,Italy,1492,132,7375,366
2020-03-10,Italy,1797,97,9172,463
2020-03-11,Italy,977,168,10149,631
2020-03-12,Italy,2313,196,12462,827
2020-03-13,Italy,2651,189,15113,1016
2020-03-14,Italy,2547,252,17660,1268
2020-03-15,Italy,3497,173,21157,1441
2020-03-16,Italy,3590,368,24747,1809
2020-03-17,Italy,3233,694,27980,2503
2020-03-11,Jamaica,,,1,
2020-03-12,Jamaica,0,,1,
2020-03-13,Jamaica,0,,1,
2020-03-14,Jamaica,6,,7,
2020-03-15,Jamaica,1,,8,
2020-03-16,Jamaica,2,,10,
2020-03-17,Jamaica,0,,10,
2020-01-21,Japan,,,1,
2020-01-22,Japan,0,,1,
2020-01-23,Japan,0,,1,
2020-01-24,Japan,0,,1,
2020-01-25,Japan,2,,3,
2020-01-26,Japan,0,,3,
2020-01-27,Japan,1,,4,
2020-01-28,Japan,2,,6,
2020-01-29,Japan,1,,7,
2020-01-30,Japan,4,,11,
2020-01-31,Japan,3,,14,
2020-02-01,Japan,3,,17,
2020-02-02,Japan,3,,20,
2020-02-03,Japan,0,,20,
2020-02-04,Japan,0,,20,
2020-02-05,Japan,3,,23,
2020-02-06,Japan,2,,25,
2020-02-07,Japan,0,,25,
2020-02-08,Japan,0,,25,
2020-02-09,Japan,1,,26,
2020-02-10,Japan,0,,26,
2020-02-11,Japan,0,,26,
2020-02-12,Japan,2,,28,
2020-02-13,Japan,1,,29,
2020-02-14,Japan,4,,33,1
2020-02-15,Japan,8,0,41,1
2020-02-16,Japan,12,0,53,1
2020-02-17,Japan,6,0,59,1
2020-02-18,Japan,6,0,65,1
2020-02-19,Japan,8,0,73,1
2020-02-20,Japan,12,0,85,1
2020-02-21,Japan,8,0,93,1
2020-02-22,Japan,12,0,105,1
2020-02-23,Japan,27,0,132,1
2020-02-24,Japan,12,0,144,1
2020-02-25,Japan,13,0,157,1
2020-02-26,Japan,7,0,164,1
2020-02-27,Japan,22,2,186,3
2020-02-28,Japan,24,1,210,4
2020-02-29,Japan,20,1,230,5
2020-03-01,Japan,9,0,239,5
2020-03-02,Japan,15,1,254,6
2020-03-03,Japan,14,0,268,6
2020-03-04,Japan,16,0,284,6
2020-03-05,Japan,33,0,317,6
2020-03-06,Japan,32,0,349,6
2020-03-07,Japan,59,0,408,6
2020-03-08,Japan,47,0,455,6
2020-03-09,Japan,33,1,488,7
2020-03-10,Japan,26,2,514,9
2020-03-11,Japan,54,3,568,12
2020-03-12,Japan,52,3,620,15
2020-03-13,Japan,55,4,675,19
2020-03-14,Japan,41,2,716,21
2020-03-15,Japan,64,1,780,22
2020-03-16,Japan,34,2,814,24
2020-03-17,Japan,15,4,829,28
2020-03-13,Jersey,,,2,
2020-03-14,Jersey,0,,2,
2020-03-15,Jersey,0,,2,
2020-03-16,Jersey,0,,2,
2020-03-17,Jersey,0,,2,
2020-03-03,Jordan,,,1,
2020-03-04,Jordan,0,,1,
2020-03-05,Jordan,0,,1,
2020-03-06,Jordan,0,,1,
2020-03-07,Jordan,0,,1,
2020-03-08,Jordan,0,,1,
2020-03-09,Jordan,0,,1,
2020-03-10,Jordan,0,,1,
2020-03-11,Jordan,0,,1,
2020-03-12,Jordan,0,,1,
2020-03-13,Jordan,0,,1,
2020-03-14,Jordan,0,,1,
2020-03-15,Jordan,0,,1,
2020-03-16,Jordan,5,,6,
2020-03-17,Jordan,29,,35,
2020-03-15,Kazakhstan,,,6,
2020-03-16,Kazakhstan,0,,6,
2020-03-17,Kazakhstan,0,,6,
2020-03-14,Kenya,,,1,
2020-03-15,Kenya,0,,1,
2020-03-16,Kenya,0,,1,
2020-03-17,Kenya,2,,3,
2020-02-24,Kuwait,,,3,
2020-02-25,Kuwait,5,,8,
2020-02-26,Kuwait,4,,12,
2020-02-27,Kuwait,31,,43,
2020-02-28,Kuwait,0,,43,
2020-02-29,Kuwait,2,,45,
2020-03-01,Kuwait,0,,45,
2020-03-02,Kuwait,11,,56,
2020-03-03,Kuwait,0,,56,
2020-03-04,Kuwait,0,,56,
2020-03-05,Kuwait,2,,58,
2020-03-06,Kuwait,0,,58,
2020-03-07,Kuwait,0,,58,
2020-03-08,Kuwait,4,,62,
2020-03-09,Kuwait,2,,64,
2020-03-10,Kuwait,1,,65,
2020-03-11,Kuwait,4,,69,
2020-03-12,Kuwait,11,,80,
2020-03-13,Kuwait,0,,80,
2020-03-14,Kuwait,20,,100,
2020-03-15,Kuwait,12,,112,
2020-03-16,Kuwait,0,,112,
2020-03-17,Kuwait,18,,130,
2020-03-03,Latvia,,,1,
2020-03-04,Latvia,0,,1,
2020-03-05,Latvia,0,,1,
2020-03-06,Latvia,0,,1,
2020-03-07,Latvia,0,,1,
2020-03-08,Latvia,0,,1,
2020-03-09,Latvia,2,,3,
2020-03-10,Latvia,3,,6,
2020-03-11,Latvia,2,,8,
2020-03-12,Latvia,8,,16,
2020-03-13,Latvia,0,,16,
2020-03-14,Latvia,0,,16,
2020-03-15,Latvia,14,,30,
2020-03-16,Latvia,1,,31,
2020-03-17,Latvia,5,,36,
2020-02-22,Lebanon,,,1,
2020-02-23,Lebanon,0,,1,
2020-02-24,Lebanon,0,,1,
2020-02-25,Lebanon,0,,1,
2020-02-26,Lebanon,0,,1,
2020-02-27,Lebanon,1,,2,
2020-02-28,Lebanon,0,,2,
2020-02-29,Lebanon,0,,2,
2020-03-01,Lebanon,0,,2,
2020-03-02,Lebanon,8,,10,
2020-03-03,Lebanon,3,,13,
2020-03-04,Lebanon,0,,13,
2020-03-05,Lebanon,0,,13,
2020-03-06,Lebanon,3,,16,
2020-03-07,Lebanon,6,,22,
2020-03-08,Lebanon,6,,28,
2020-03-09,Lebanon,4,,32,
2020-03-10,Lebanon,9,,41,
2020-03-11,Lebanon,0,,41,1
2020-03-12,Lebanon,25,2,66,3
2020-03-13,Lebanon,0,0,66,3
2020-03-14,Lebanon,11,0,77,3
2020-03-15,Lebanon,16,0,93,3
2020-03-16,Lebanon,6,0,99,3
2020-03-17,Lebanon,10,0,109,3
2020-03-17,Liberia,,,1,
2020-03-05,Liechtenstein,,,1,
2020-03-06,Liechtenstein,0,,1,
2020-03-07,Liechtenstein,0,,1,
2020-03-08,Liechtenstein,0,,1,
2020-03-09,Liechtenstein,0,,1,
2020-03-10,Liechtenstein,0,,1,
2020-03-11,Liechtenstein,0,,1,
2020-03-12,Liechtenstein,0,,1,
2020-03-13,Liechtenstein,3,,4,
2020-03-14,Liechtenstein,0,,4,
2020-03-15,Liechtenstein,0,,4,
2020-03-16,Liechtenstein,3,,7,
2020-03-17,Liechtenstein,0,,7,
2020-02-28,Lithuania,,,1,
2020-02-29,Lithuania,0,,1,
2020-03-01,Lithuania,0,,1,
2020-03-02,Lithuania,0,,1,
2020-03-03,Lithuania,0,,1,
2020-03-04,Lithuania,0,,1,
2020-03-05,Lithuania,0,,1,
2020-03-06,Lithuania,0,,1,
2020-03-07,Lithuania,0,,1,
2020-03-08,Lithuania,0,,1,
2020-03-09,Lithuania,0,,1,
2020-03-10,Lithuania,0,,1,
2020-03-11,Lithuania,0,,1,
2020-03-12,Lithuania,2,,3,
2020-03-13,Lithuania,0,,3,
2020-03-14,Lithuania,3,,6,
2020-03-15,Lithuania,3,,9,
2020-03-16,Lithuania,5,,14,
2020-03-17,Lithuania,3,,17,
2020-03-02,Luxembourg,,,1,
2020-03-03,Luxembourg,0,,1,
2020-03-04,Luxembourg,0,,1,
2020-03-05,Luxembourg,0,,1,
2020-03-06,Luxembourg,0,,1,
2020-03-07,Luxembourg,1,,2,
2020-03-08,Luxembourg,0,,2,
2020-03-09,Luxembourg,0,,2,
2020-03-10,Luxembourg,3,,5,
2020-03-11,Luxembourg,0,,5,
2020-03-12,Luxembourg,12,,17,
2020-03-13,Luxembourg,0,,17,
2020-03-14,Luxembourg,21,,38,1
2020-03-15,Luxembourg,0,0,38,1
2020-03-16,Luxembourg,0,0,38,1
2020-03-17,Luxembourg,43,0,81,1
2020-01-26,Malaysia,,,3,
2020-01-27,Malaysia,1,,4,
2020-01-28,Malaysia,0,,4,
2020-01-29,Malaysia,0,,4,
2020-01-30,Malaysia,3,,7,
2020-01-31,Malaysia,1,,8,
2020-02-01,Malaysia,0,,8,
2020-02-02,Malaysia,0,,8,
2020-02-03,Malaysia,0,,8,
2020-02-04,Malaysia,2,,10,
2020-02-05,Malaysia,0,,10,
2020-02-06,Malaysia,2,,12,
2020-02-07,Malaysia,2,,14,
2020-02-08,Malaysia,1,,15,
2020-02-09,Malaysia,2,,17,
2020-02-10,Malaysia,1,,18,
2020-02-11,Malaysia,0,,18,
2020-02-12,Malaysia,0,,18,
2020-02-13,Malaysia,0,,18,
2020-02-14,Malaysia,1,,19,
2020-02-15,Malaysia,2,,21,
2020-02-16,Malaysia,1,,22,
2020-02-17,Malaysia,0,,22,
2020-02-18,Malaysia,0,,22,
2020-02-19,Malaysia,0,,22,
2020-02-20,Malaysia,0,,22,
2020-02-21,Malaysia,0,,22,
2020-02-22,Malaysia,0,,22,
2020-02-23,Malaysia,0,,22,
2020-02-24,Malaysia,0,,22,
2020-02-25,Malaysia,0,,22,
2020-02-26,Malaysia,0,,22,
2020-02-27,Malaysia,0,,22,
2020-02-28,Malaysia,2,,24,
2020-02-29,Malaysia,0,,24,
2020-03-01,Malaysia,0,,24,
2020-03-02,Malaysia,0,,24,
2020-03-03,Malaysia,5,,29,
2020-03-04,Malaysia,21,,50,
2020-03-05,Malaysia,0,,50,
2020-03-06,Malaysia,5,,55,
2020-03-07,Malaysia,28,,83,
2020-03-08,Malaysia,10,,93,
2020-03-09,Malaysia,0,,93,
2020-03-10,Malaysia,24,,117,
2020-03-11,Malaysia,12,,129,
2020-03-12,Malaysia,0,,129,
2020-03-13,Malaysia,0,,129,
2020-03-14,Malaysia,68,,197,
2020-03-15,Malaysia,41,,238,
2020-03-16,Malaysia,315,,553,
2020-03-17,Malaysia,0,,553,
2020-03-08,Maldives,,,2,
2020-03-09,Maldives,2,,4,
2020-03-10,Maldives,0,,4,
2020-03-11,Maldives,4,,8,
2020-03-12,Maldives,0,,8,
2020-03-13,Maldives,0,,8,
2020-03-14,Maldives,1,,9,
2020-03-15,Maldives,1,,10,
2020-03-16,Maldives,3,,13,
2020-03-17,Maldives,0,,13,
2020-03-08,Malta,,,3,
2020-03-09,Malta,0,,3,
2020-03-10,Malta,1,,4,
2020-03-11,Malta,0,,4,
2020-03-12,Malta,2,,6,
2020-03-13,Malta,3,,9,
2020-03-14,Malta,3,,12,
2020-03-15,Malta,0,,12,
2020-03-16,Malta,9,,21,
2020-03-17,Malta,9,,30,
2020-03-08,Martinique,,,2,
2020-03-09,Martinique,0,,2,
2020-03-10,Martinique,0,,2,
2020-03-11,Martinique,1,,3,
2020-03-12,Martinique,0,,3,
2020-03-13,Martinique,1,,4,
2020-03-14,Martinique,2,,6,
2020-03-15,Martinique,4,,10,
2020-03-16,Martinique,5,,15,
2020-03-17,Martinique,1,,16,
2020-03-15,Mauritania,,,1,
2020-03-16,Mauritania,0,,1,
2020-03-17,Mauritania,0,,1,
2020-03-15,Mayotte,,,1,
2020-03-16,Mayotte,0,,1,
2020-03-17,Mayotte,0,,1,
2020-02-29,Mexico,,,2,
2020-03-01,Mexico,0,,2,
2020-03-02,Mexico,3,,5,
2020-03-03,Mexico,0,,5,
2020-03-04,Mexico,0,,5,
2020-03-05,Mexico,0,,5,
2020-03-06,Mexico,0,,5,
2020-03-07,Mexico,0,,5,
2020-03-08,Mexico,2,,7,
2020-03-09,Mexico,0,,7,
2020-03-10,Mexico,0,,7,
2020-03-11,Mexico,0,,7,
2020-03-12,Mexico,4,,11,
2020-03-13,Mexico,1,,12,
2020-03-14,Mexico,14,,26,
2020-03-15,Mexico,15,,41,
2020-03-16,Mexico,12,,53,
2020-03-17,Mexico,0,,53,
2020-03-01,Monaco,,,1,
2020-03-02,Monaco,0,,1,
2020-03-03,Monaco,0,,1,
2020-03-04,Monaco,0,,1,
2020-03-05,Monaco,0,,1,
2020-03-06,Monaco,0,,1,
2020-03-07,Monaco,0,,1,
2020-03-08,Monaco,0,,1,
2020-03-09,Monaco,0,,1,
2020-03-10,Monaco,0,,1,
2020-03-11,Monaco,0,,1,
2020-03-12,Monaco,0,,1,
2020-03-13,Monaco,0,,1,
2020-03-14,Monaco,1,,2,
2020-03-15,Monaco,0,,2,
2020-03-16,Monaco,7,,9,
2020-03-17,Monaco,0,,9,
2020-03-10,Mongolia,,,1,
2020-03-11,Mongolia,0,,1,
2020-03-12,Mongolia,0,,1,
2020-03-13,Mongolia,0,,1,
2020-03-14,Mongolia,0,,1,
2020-03-15,Mongolia,0,,1,
2020-03-16,Mongolia,0,,1,
2020-03-17,Mongolia,3,,4,
2020-03-03,Morocco,,,1,
2020-03-04,Morocco,0,,1,
2020-03-05,Morocco,1,,2,
2020-03-06,Morocco,0,,2,
2020-03-07,Morocco,0,,2,
2020-03-08,Morocco,0,,2,
2020-03-09,Morocco,0,,2,
2020-03-10,Morocco,0,,2,
2020-03-11,Morocco,1,,3,1
2020-03-12,Morocco,2,0,5,1
2020-03-13,Morocco,1,0,6,1
2020-03-14,Morocco,1,0,7,1
2020-03-15,Morocco,11,0,18,1
2020-03-16,Morocco,10,0,28,1
2020-03-17,Morocco,10,1,38,2
2020-03-15,Namibia,,,2,
2020-03-16,Namibia,0,,2,
2020-03-17,Namibia,0,,2,
2020-01-25,Nepal,,,1,
2020-01-26,Nepal,0,,1,
2020-01-27,Nepal,0,,1,
2020-01-28,Nepal,0,,1,
2020-01-29,Nepal,0,,1,
2020-01-30,Nepal,0,,1,
2020-01-31,Nepal,0,,1,
2020-02-01,Nepal,0,,1,
2020-02-02,Nepal,0,,1,
2020-02-03,Nepal,0,,1,
2020-02-04,Nepal,0,,1,
2020-02-05,Nepal,0,,1,
2020-02-06,Nepal,0,,1,
2020-02-07,Nepal,0,,1,
2020-02-08,Nepal,0,,1,
2020-02-09,Nepal,0,,1,
2020-02-10,Nepal,0,,1,
2020-02-11,Nepal,0,,1,
2020-02-12,Nepal,0,,1,
2020-02-13,Nepal,0,,1,
2020-02-14,Nepal,0,,1,
2020-02-15,Nepal,0,,1,
2020-02-16,Nepal,0,,1,
2020-02-17,Nepal,0,,1,
2020-02-18,Nepal,0,,1,
2020-02-19,Nepal,0,,1,
2020-02-20,Nepal,0,,1,
2020-02-21,Nepal,0,,1,
2020-02-22,Nepal,0,,1,
2020-02-23,Nepal,0,,1,
2020-02-24,Nepal,0,,1,
2020-02-25,Nepal,0,,1,
2020-02-26,Nepal,0,,1,
2020-02-27,Nepal,0,,1,
2020-02-28,Nepal,0,,1,
2020-02-29,Nepal,0,,1,
2020-03-01,Nepal,0,,1,
2020-03-02,Nepal,0,,1,
2020-03-03,Nepal,0,,1,
2020-03-04,Nepal,0,,1,
2020-03-05,Nepal,0,,1,
2020-03-06,Nepal,0,,1,
2020-03-07,Nepal,0,,1,
2020-03-08,Nepal,0,,1,
2020-03-09,Nepal,0,,1,
2020-03-10,Nepal,0,,1,
2020-03-11,Nepal,0,,1,
2020-03-12,Nepal,0,,1,
2020-03-13,Nepal,0,,1,
2020-03-14,Nepal,0,,1,
2020-03-15,Nepal,0,,1,
2020-03-16,Nepal,0,,1,
2020-03-17,Nepal,0,,1,
2020-02-28,Netherlands,,,1,
2020-02-29,Netherlands,1,,2,
2020-03-01,Netherlands,5,,7,
2020-03-02,Netherlands,6,,13,
2020-03-03,Netherlands,5,,18,
2020-03-04,Netherlands,10,,28,
2020-03-05,Netherlands,10,,38,
2020-03-06,Netherlands,44,,82,
2020-03-07,Netherlands,46,,128,1
2020-03-08,Netherlands,60,0,188,1
2020-03-09,Netherlands,77,2,265,3
2020-03-10,Netherlands,56,0,321,3
2020-03-11,Netherlands,61,1,382,4
2020-03-12,Netherlands,121,1,503,5
2020-03-13,Netherlands,111,0,614,5
2020-03-14,Netherlands,190,5,804,10
2020-03-15,Netherlands,155,2,959,12
2020-03-16,Netherlands,176,8,1135,20
2020-03-17,Netherlands,278,4,1413,24
2020-02-28,New Zealand,,,1,
2020-02-29,New Zealand,0,,1,
2020-03-01,New Zealand,0,,1,
2020-03-02,New Zealand,0,,1,
2020-03-03,New Zealand,1,,2,
2020-03-04,New Zealand,0,,2,
2020-03-05,New Zealand,0,,2,
2020-03-06,New Zealand,2,,4,
2020-03-07,New Zealand,1,,5,
2020-03-08,New Zealand,0,,5,
2020-03-09,New Zealand,0,,5,
2020-03-10,New Zealand,0,,5,
2020-03-11,New Zealand,0,,5,
2020-03-12,New Zealand,0,,5,
2020-03-13,New Zealand,0,,5,
2020-03-14,New Zealand,1,,6,
2020-03-15,New Zealand,0,,6,
2020-03-16,New Zealand,0,,6,
2020-03-17,New Zealand,5,,11,
2020-02-28,Nigeria,,,1,
2020-02-29,Nigeria,0,,1,
2020-03-01,Nigeria,0,,1,
2020-03-02,Nigeria,0,,1,
2020-03-03,Nigeria,0,,1,
2020-03-04,Nigeria,0,,1,
2020-03-05,Nigeria,0,,1,
2020-03-06,Nigeria,0,,1,
2020-03-07,Nigeria,0,,1,
2020-03-08,Nigeria,0,,1,
2020-03-09,Nigeria,1,,2,
2020-03-10,Nigeria,0,,2,
2020-03-11,Nigeria,0,,2,
2020-03-12,Nigeria,0,,2,
2020-03-13,Nigeria,0,,2,
2020-03-14,Nigeria,0,,2,
2020-03-15,Nigeria,0,,2,
2020-03-16,Nigeria,0,,2,
2020-03-17,Nigeria,0,,2,
2020-02-27,Macedonia,,,1,
2020-02-28,Macedonia,0,,1,
2020-02-29,Macedonia,0,,1,
2020-03-01,Macedonia,0,,1,
2020-03-02,Macedonia,0,,1,
2020-03-03,Macedonia,0,,1,
2020-03-04,Macedonia,0,,1,
2020-03-05,Macedonia,0,,1,
2020-03-06,Macedonia,0,,1,
2020-03-07,Macedonia,2,,3,
2020-03-08,Macedonia,0,,3,
2020-03-09,Macedonia,0,,3,
2020-03-10,Macedonia,4,,7,
2020-03-11,Macedonia,0,,7,
2020-03-12,Macedonia,0,,7,
2020-03-13,Macedonia,0,,7,
2020-03-14,Macedonia,2,,9,
2020-03-15,Macedonia,4,,13,
2020-03-16,Macedonia,0,,13,
2020-03-17,Macedonia,6,,19,
2020-02-27,Norway,,,1,
2020-02-28,Norway,3,,4,
2020-02-29,Norway,2,,6,
2020-03-01,Norway,9,,15,
2020-03-02,Norway,4,,19,
2020-03-03,Norway,6,,25,
2020-03-04,Norway,7,,32,
2020-03-05,Norway,24,,56,
2020-03-06,Norway,30,,86,
2020-03-07,Norway,27,,113,
2020-03-08,Norway,34,,147,
2020-03-09,Norway,22,,169,
2020-03-10,Norway,23,,192,
2020-03-11,Norway,85,,277,
2020-03-12,Norway,212,,489,
2020-03-13,Norway,0,,489,1
2020-03-14,Norway,261,0,750,1
2020-03-15,Norway,157,0,907,1
2020-03-16,Norway,170,0,1077,1
2020-03-17,Norway,92,2,1169,3
2020-03-05,Palestine,,,4,
2020-03-06,Palestine,3,,7,
2020-03-07,Palestine,9,,16,
2020-03-08,Palestine,0,,16,
2020-03-09,Palestine,3,,19,
2020-03-10,Palestine,7,,26,
2020-03-11,Palestine,4,,30,
2020-03-12,Palestine,0,,30,
2020-03-13,Palestine,1,,31,
2020-03-14,Palestine,4,,35,
2020-03-15,Palestine,3,,38,
2020-03-16,Palestine,0,,38,
2020-03-17,Palestine,1,,39,
2020-02-25,Oman,,,2,
2020-02-26,Oman,2,,4,
2020-02-27,Oman,0,,4,
2020-02-28,Oman,2,,6,
2020-02-29,Oman,0,,6,
2020-03-01,Oman,0,,6,
2020-03-02,Oman,0,,6,
2020-03-03,Oman,0,,6,
2020-03-04,Oman,6,,12,
2020-03-05,Oman,3,,15,
2020-03-06,Oman,1,,16,
2020-03-07,Oman,0,,16,
2020-03-08,Oman,0,,16,
2020-03-09,Oman,0,,16,
2020-03-10,Oman,2,,18,
2020-03-11,Oman,0,,18,
2020-03-12,Oman,0,,18,
2020-03-13,Oman,0,,18,
2020-03-14,Oman,1,,19,
2020-03-15,Oman,1,,20,
2020-03-16,Oman,2,,22,
2020-03-17,Oman,2,,24,
2020-02-27,Pakistan,,,2,
2020-02-28,Pakistan,0,,2,
2020-02-29,Pakistan,0,,2,
2020-03-01,Pakistan,2,,4,
2020-03-02,Pakistan,0,,4,
2020-03-03,Pakistan,1,,5,
2020-03-04,Pakistan,0,,5,
2020-03-05,Pakistan,0,,5,
2020-03-06,Pakistan,0,,5,
2020-03-07,Pakistan,0,,5,
2020-03-08,Pakistan,0,,5,
2020-03-09,Pakistan,1,,6,
2020-03-10,Pakistan,10,,16,
2020-03-11,Pakistan,0,,16,
2020-03-12,Pakistan,3,,19,
2020-03-13,Pakistan,1,,20,
2020-03-14,Pakistan,1,,21,
2020-03-15,Pakistan,7,,28,
2020-03-16,Pakistan,24,,52,
2020-03-17,Pakistan,135,,187,
2020-03-10,Panama,,,1,
2020-03-11,Panama,7,,8,1
2020-03-12,Panama,2,0,10,1
2020-03-13,Panama,4,0,14,1
2020-03-14,Panama,13,0,27,1
2020-03-15,Panama,0,0,27,1
2020-03-16,Panama,16,0,43,1
2020-03-17,Panama,26,0,69,1
2020-03-09,Paraguay,,,1,
2020-03-10,Paraguay,0,,1,
2020-03-11,Paraguay,4,,5,
2020-03-12,Paraguay,0,,5,
2020-03-13,Paraguay,0,,5,
2020-03-14,Paraguay,1,,6,
2020-03-15,Paraguay,0,,6,
2020-03-16,Paraguay,2,,8,
2020-03-17,Paraguay,1,,9,
2020-03-07,Peru,,,1,
2020-03-08,Peru,5,,6,
2020-03-09,Peru,0,,6,
2020-03-10,Peru,3,,9,
2020-03-11,Peru,2,,11,
2020-03-12,Peru,6,,17,
2020-03-13,Peru,5,,22,
2020-03-14,Peru,6,,28,
2020-03-15,Peru,15,,43,
2020-03-16,Peru,28,,71,
2020-03-17,Peru,15,,86,
2020-01-30,Philippines,,,1,
2020-01-31,Philippines,0,,1,
2020-02-01,Philippines,0,,1,
2020-02-02,Philippines,1,,2,1
2020-02-03,Philippines,0,0,2,1
2020-02-04,Philippines,0,0,2,1
2020-02-05,Philippines,1,0,3,1
2020-02-06,Philippines,0,0,3,1
2020-02-07,Philippines,0,0,3,1
2020-02-08,Philippines,0,0,3,1
2020-02-09,Philippines,0,0,3,1
2020-02-10,Philippines,0,0,3,1
2020-02-11,Philippines,0,0,3,1
2020-02-12,Philippines,0,0,3,1
2020-02-13,Philippines,0,0,3,1
2020-02-14,Philippines,0,0,3,1
2020-02-15,Philippines,0,0,3,1
2020-02-16,Philippines,0,0,3,1
2020-02-17,Philippines,0,0,3,1
2020-02-18,Philippines,0,0,3,1
2020-02-19,Philippines,0,0,3,1
2020-02-20,Philippines,0,0,3,1
2020-02-21,Philippines,0,0,3,1
2020-02-22,Philippines,0,0,3,1
2020-02-23,Philippines,0,0,3,1
2020-02-24,Philippines,0,0,3,1
2020-02-25,Philippines,0,0,3,1
2020-02-26,Philippines,0,0,3,1
2020-02-27,Philippines,0,0,3,1
2020-02-28,Philippines,0,0,3,1
2020-02-29,Philippines,0,0,3,1
2020-03-01,Philippines,0,0,3,1
2020-03-02,Philippines,0,0,3,1
2020-03-03,Philippines,0,0,3,1
2020-03-04,Philippines,0,0,3,1
2020-03-05,Philippines,0,0,3,1
2020-03-06,Philippines,2,0,5,1
2020-03-07,Philippines,0,0,5,1
2020-03-08,Philippines,1,0,6,1
2020-03-09,Philippines,4,0,10,1
2020-03-10,Philippines,23,0,33,1
2020-03-11,Philippines,16,0,49,1
2020-03-12,Philippines,3,1,52,2
2020-03-13,Philippines,0,0,52,2
2020-03-14,Philippines,12,0,64,2
2020-03-15,Philippines,47,4,111,6
2020-03-16,Philippines,29,6,140,12
2020-03-17,Philippines,47,0,187,12
2020-03-04,Poland,,,1,
2020-03-05,Poland,0,,1,
2020-03-06,Poland,0,,1,
2020-03-07,Poland,4,,5,
2020-03-08,Poland,1,,6,
2020-03-09,Poland,5,,11,
2020-03-10,Poland,5,,16,
2020-03-11,Poland,6,,22,
2020-03-12,Poland,22,,44,
2020-03-13,Poland,5,,49,1
2020-03-14,Poland,15,0,64,1
2020-03-15,Poland,47,2,111,3
2020-03-16,Poland,39,0,150,3
2020-03-17,Poland,0,0,150,3
2020-03-03,Portugal,,,2,
2020-03-04,Portugal,0,,2,
2020-03-05,Portugal,5,,7,
2020-03-06,Portugal,2,,9,
2020-03-07,Portugal,4,,13,
2020-03-08,Portugal,8,,21,
2020-03-09,Portugal,9,,30,
2020-03-10,Portugal,0,,30,
2020-03-11,Portugal,11,,41,
2020-03-12,Portugal,0,,41,
2020-03-13,Portugal,0,,41,
2020-03-14,Portugal,71,,112,
2020-03-15,Portugal,0,,112,
2020-03-16,Portugal,133,,245,
2020-03-17,Portugal,86,,331,
2020-03-14,Puerto Rico,,,3,
2020-03-15,Puerto Rico,0,,3,
2020-03-16,Puerto Rico,0,,3,
2020-03-17,Puerto Rico,0,,3,
2020-03-01,Qatar,,,1,
2020-03-02,Qatar,2,,3,
2020-03-03,Qatar,4,,7,
2020-03-04,Qatar,1,,8,
2020-03-05,Qatar,0,,8,
2020-03-06,Qatar,0,,8,
2020-03-07,Qatar,3,,11,
2020-03-08,Qatar,1,,12,
2020-03-09,Qatar,3,,15,
2020-03-10,Qatar,3,,18,
2020-03-11,Qatar,6,,24,
2020-03-12,Qatar,238,,262,
2020-03-13,Qatar,0,,262,
2020-03-14,Qatar,0,,262,
2020-03-15,Qatar,75,,337,
2020-03-16,Qatar,64,,401,
2020-03-17,Qatar,38,,439,
2020-01-21,South Korea,,,1,
2020-01-22,South Korea,0,,1,
2020-01-23,South Korea,0,,1,
2020-01-24,South Korea,1,,2,
2020-01-25,South Korea,0,,2,
2020-01-26,South Korea,0,,2,
2020-01-27,South Korea,2,,4,
2020-01-28,South Korea,0,,4,
2020-01-29,South Korea,0,,4,
2020-01-30,South Korea,0,,4,
2020-01-31,South Korea,7,,11,
2020-02-01,South Korea,1,,12,
2020-02-02,South Korea,3,,15,
2020-02-03,South Korea,0,,15,
2020-02-04,South Korea,1,,16,
2020-02-05,South Korea,2,,18,
2020-02-06,South Korea,5,,23,
2020-02-07,South Korea,1,,24,
2020-02-08,South Korea,0,,24,
2020-02-09,South Korea,3,,27,
2020-02-10,South Korea,0,,27,
2020-02-11,South Korea,1,,28,
2020-02-12,South Korea,0,,28,
2020-02-13,South Korea,0,,28,
2020-02-14,South Korea,0,,28,
2020-02-15,South Korea,0,,28,
2020-02-16,South Korea,1,,29,
2020-02-17,South Korea,1,,30,
2020-02-18,South Korea,1,,31,
2020-02-19,South Korea,20,,51,
2020-02-20,South Korea,53,,104,1
2020-02-21,South Korea,100,0,204,1
2020-02-22,South Korea,142,1,346,2
2020-02-23,South Korea,256,3,602,5
2020-02-24,South Korea,161,2,763,7
2020-02-25,South Korea,214,3,977,10
2020-02-26,South Korea,284,2,1261,12
2020-02-27,South Korea,505,1,1766,13
2020-02-28,South Korea,571,0,2337,13
2020-02-29,South Korea,813,4,3150,17
2020-03-01,South Korea,586,1,3736,18
2020-03-02,South Korea,476,4,4212,22
2020-03-03,South Korea,600,6,4812,28
2020-03-04,South Korea,516,4,5328,32
2020-03-05,South Korea,438,3,5766,35
2020-03-06,South Korea,518,7,6284,42
2020-03-07,South Korea,483,2,6767,44
2020-03-08,South Korea,367,6,7134,50
2020-03-09,South Korea,248,1,7382,51
2020-03-10,South Korea,131,3,7513,54
2020-03-11,South Korea,242,6,7755,60
2020-03-12,South Korea,114,6,7869,66
2020-03-13,South Korea,110,0,7979,66
2020-03-14,South Korea,107,6,8086,72
2020-03-15,South Korea,76,3,8162,75
2020-03-16,South Korea,74,0,8236,75
2020-03-17,South Korea,84,6,8320,81
2020-03-08,Moldova,,,1,
2020-03-09,Moldova,0,,1,
2020-03-10,Moldova,0,,1,
2020-03-11,Moldova,2,,3,
2020-03-12,Moldova,1,,4,
2020-03-13,Moldova,0,,4,
2020-03-14,Moldova,4,,8,
2020-03-15,Moldova,4,,12,
2020-03-16,Moldova,11,,23,
2020-03-17,Moldova,6,,29,
2020-02-27,Romania,,,1,
2020-02-28,Romania,0,,1,
2020-02-29,Romania,2,,3,
2020-03-01,Romania,0,,3,
2020-03-02,Romania,0,,3,
2020-03-03,Romania,0,,3,
2020-03-04,Romania,1,,4,
2020-03-05,Romania,0,,4,
2020-03-06,Romania,2,,6,
2020-03-07,Romania,1,,7,
2020-03-08,Romania,6,,13,
2020-03-09,Romania,2,,15,
2020-03-10,Romania,0,,15,
2020-03-11,Romania,10,,25,
2020-03-12,Romania,23,,48,
2020-03-13,Romania,0,,48,
2020-03-14,Romania,16,,64,
2020-03-15,Romania,59,,123,
2020-03-16,Romania,35,,158,
2020-03-17,Romania,0,,158,
2020-02-01,Russia,,,2,
2020-02-02,Russia,0,,2,
2020-02-03,Russia,0,,2,
2020-02-04,Russia,0,,2,
2020-02-05,Russia,0,,2,
2020-02-06,Russia,0,,2,
2020-02-07,Russia,0,,2,
2020-02-08,Russia,0,,2,
2020-02-09,Russia,0,,2,
2020-02-10,Russia,0,,2,
2020-02-11,Russia,0,,2,
2020-02-12,Russia,0,,2,
2020-02-13,Russia,0,,2,
2020-02-14,Russia,0,,2,
2020-02-15,Russia,0,,2,
2020-02-16,Russia,0,,2,
2020-02-17,Russia,0,,2,
2020-02-18,Russia,0,,2,
2020-02-19,Russia,0,,2,
2020-02-20,Russia,0,,2,
2020-02-21,Russia,0,,2,
2020-02-22,Russia,0,,2,
2020-02-23,Russia,0,,2,
2020-02-24,Russia,0,,2,
2020-02-25,Russia,0,,2,
2020-02-26,Russia,0,,2,
2020-02-27,Russia,0,,2,
2020-02-28,Russia,0,,2,
2020-02-29,Russia,0,,2,
2020-03-01,Russia,0,,2,
2020-03-02,Russia,0,,2,
2020-03-03,Russia,1,,3,
2020-03-04,Russia,0,,3,
2020-03-05,Russia,0,,3,
2020-03-06,Russia,1,,4,
2020-03-07,Russia,3,,7,
2020-03-08,Russia,0,,7,
2020-03-09,Russia,0,,7,
2020-03-10,Russia,0,,7,
2020-03-11,Russia,0,,7,
2020-03-12,Russia,13,,20,
2020-03-13,Russia,14,,34,
2020-03-14,Russia,0,,34,
2020-03-15,Russia,0,,34,
2020-03-16,Russia,29,,63,
2020-03-17,Russia,30,,93,
2020-03-16,Rwanda,,,5,
2020-03-17,Rwanda,2,,7,
2020-03-13,Reunion,,,3,
2020-03-14,Reunion,2,,5,
2020-03-15,Reunion,1,,6,
2020-03-16,Reunion,3,,9,
2020-03-17,Reunion,0,,9,
2020-03-05,Saint Barthlemy,,,1,
2020-03-06,Saint Barthlemy,0,,1,
2020-03-07,Saint Barthlemy,0,,1,
2020-03-08,Saint Barthlemy,0,,1,
2020-03-09,Saint Barthlemy,0,,1,
2020-03-10,Saint Barthlemy,0,,1,
2020-03-11,Saint Barthlemy,0,,1,
2020-03-12,Saint Barthlemy,0,,1,
2020-03-13,Saint Barthlemy,0,,1,
2020-03-14,Saint Barthlemy,0,,1,
2020-03-15,Saint Barthlemy,0,,1,
2020-03-16,Saint Barthlemy,2,,3,
2020-03-17,Saint Barthlemy,0,,3,
2020-03-16,Saint Lucia,,,1,
2020-03-17,Saint Lucia,1,,2,
2020-03-05,Saint Martin (French part),,,2,
2020-03-06,Saint Martin (French part),0,,2,
2020-03-07,Saint Martin (French part),0,,2,
2020-03-08,Saint Martin (French part),0,,2,
2020-03-09,Saint Martin (French part),0,,2,
2020-03-10,Saint Martin (French part),0,,2,
2020-03-11,Saint Martin (French part),0,,2,
2020-03-12,Saint Martin (French part),0,,2,
2020-03-13,Saint Martin (French part),0,,2,
2020-03-14,Saint Martin (French part),0,,2,
2020-03-15,Saint Martin (French part),0,,2,
2020-03-16,Saint Martin (French part),0,,2,
2020-03-17,Saint Martin (French part),0,,2,
2020-03-13,Saint Vincent and the Grenadines,,,1,
2020-03-14,Saint Vincent and the Grenadines,0,,1,
2020-03-15,Saint Vincent and the Grenadines,0,,1,
2020-03-16,Saint Vincent and the Grenadines,0,,1,
2020-03-17,Saint Vincent and the Grenadines,0,,1,
2020-02-29,San Marino,,,1,
2020-03-01,San Marino,0,,1,
2020-03-02,San Marino,0,,1,
2020-03-03,San Marino,7,,8,
2020-03-04,San Marino,0,,8,
2020-03-05,San Marino,8,,16,
2020-03-06,San Marino,5,,21,
2020-03-07,San Marino,3,,24,
2020-03-08,San Marino,3,,27,1
2020-03-09,San Marino,10,0,37,1
2020-03-10,San Marino,12,1,49,2
2020-03-11,San Marino,14,0,63,2
2020-03-12,San Marino,0,0,63,2
2020-03-13,San Marino,0,0,63,2
2020-03-14,San Marino,3,0,66,2
2020-03-15,San Marino,26,3,92,5
2020-03-16,San Marino,0,0,92,5
2020-03-17,San Marino,10,4,102,9
2020-03-03,Saudi Arabia,,,1,
2020-03-04,Saudi Arabia,0,,1,
2020-03-05,Saudi Arabia,1,,2,
2020-03-06,Saudi Arabia,6,,8,
2020-03-07,Saudi Arabia,0,,8,
2020-03-08,Saudi Arabia,3,,11,
2020-03-09,Saudi Arabia,4,,15,
2020-03-10,Saudi Arabia,0,,15,
2020-03-11,Saudi Arabia,5,,20,
2020-03-12,Saudi Arabia,1,,21,
2020-03-13,Saudi Arabia,0,,21,
2020-03-14,Saudi Arabia,41,,62,
2020-03-15,Saudi Arabia,41,,103,
2020-03-16,Saudi Arabia,0,,103,
2020-03-17,Saudi Arabia,30,,133,
2020-03-03,Senegal,,,1,
2020-03-04,Senegal,0,,1,
2020-03-05,Senegal,3,,4,
2020-03-06,Senegal,0,,4,
2020-03-07,Senegal,0,,4,
2020-03-08,Senegal,0,,4,
2020-03-09,Senegal,0,,4,
2020-03-10,Senegal,0,,4,
2020-03-11,Senegal,0,,4,
2020-03-12,Senegal,0,,4,
2020-03-13,Senegal,6,,10,
2020-03-14,Senegal,0,,10,
2020-03-15,Senegal,11,,21,
2020-03-16,Senegal,5,,26,
2020-03-17,Senegal,1,,27,
2020-03-06,Serbia,,,1,
2020-03-07,Serbia,0,,1,
2020-03-08,Serbia,0,,1,
2020-03-09,Serbia,0,,1,
2020-03-10,Serbia,0,,1,
2020-03-11,Serbia,11,,12,
2020-03-12,Serbia,7,,19,
2020-03-13,Serbia,0,,19,
2020-03-14,Serbia,12,,31,
2020-03-15,Serbia,10,,41,
2020-03-16,Serbia,0,,41,
2020-03-17,Serbia,29,,70,
2020-03-16,Seychelles,,,2,
2020-03-17,Seychelles,2,,4,
2020-01-24,Singapore,,,1,
2020-01-25,Singapore,2,,3,
2020-01-26,Singapore,1,,4,
2020-01-27,Singapore,0,,4,
2020-01-28,Singapore,3,,7,
2020-01-29,Singapore,0,,7,
2020-01-30,Singapore,3,,10,
2020-01-31,Singapore,3,,13,
2020-02-01,Singapore,3,,16,
2020-02-02,Singapore,2,,18,
2020-02-03,Singapore,0,,18,
2020-02-04,Singapore,0,,18,
2020-02-05,Singapore,6,,24,
2020-02-06,Singapore,4,,28,
2020-02-07,Singapore,2,,30,
2020-02-08,Singapore,3,,33,
2020-02-09,Singapore,7,,40,
2020-02-10,Singapore,3,,43,
2020-02-11,Singapore,2,,45,
2020-02-12,Singapore,2,,47,
2020-02-13,Singapore,3,,50,
2020-02-14,Singapore,8,,58,
2020-02-15,Singapore,9,,67,
2020-02-16,Singapore,5,,72,
2020-02-17,Singapore,3,,75,
2020-02-18,Singapore,2,,77,
2020-02-19,Singapore,4,,81,
2020-02-20,Singapore,3,,84,
2020-02-21,Singapore,1,,85,
2020-02-22,Singapore,1,,86,
2020-02-23,Singapore,3,,89,
2020-02-24,Singapore,0,,89,
2020-02-25,Singapore,1,,90,
2020-02-26,Singapore,1,,91,
2020-02-27,Singapore,2,,93,
2020-02-28,Singapore,3,,96,
2020-02-29,Singapore,2,,98,
2020-03-01,Singapore,4,,102,
2020-03-02,Singapore,4,,106,
2020-03-03,Singapore,2,,108,
2020-03-04,Singapore,2,,110,
2020-03-05,Singapore,0,,110,
2020-03-06,Singapore,7,,117,
2020-03-07,Singapore,13,,130,
2020-03-08,Singapore,8,,138,
2020-03-09,Singapore,12,,150,
2020-03-10,Singapore,10,,160,
2020-03-11,Singapore,6,,166,
2020-03-12,Singapore,12,,178,
2020-03-13,Singapore,9,,187,
2020-03-14,Singapore,13,,200,
2020-03-15,Singapore,12,,212,
2020-03-16,Singapore,31,,243,
2020-03-17,Singapore,0,,243,
2020-03-07,Slovakia,,,1,
2020-03-08,Slovakia,2,,3,
2020-03-09,Slovakia,2,,5,
2020-03-10,Slovakia,2,,7,
2020-03-11,Slovakia,0,,7,
2020-03-12,Slovakia,3,,10,
2020-03-13,Slovakia,11,,21,
2020-03-14,Slovakia,9,,30,
2020-03-15,Slovakia,14,,44,
2020-03-16,Slovakia,17,,61,
2020-03-17,Slovakia,11,,72,
2020-03-05,Slovenia,,,1,
2020-03-06,Slovenia,5,,6,
2020-03-07,Slovenia,3,,9,
2020-03-08,Slovenia,3,,12,
2020-03-09,Slovenia,4,,16,
2020-03-10,Slovenia,7,,23,
2020-03-11,Slovenia,8,,31,
2020-03-12,Slovenia,26,,57,
2020-03-13,Slovenia,0,,57,
2020-03-14,Slovenia,84,,141,
2020-03-15,Slovenia,0,,141,
2020-03-16,Slovenia,78,,219,
2020-03-17,Slovenia,34,,253,
2020-03-17,Somalia,,,1,
2020-03-06,South Africa,,,1,
2020-03-07,South Africa,0,,1,
2020-03-08,South Africa,1,,2,
2020-03-09,South Africa,1,,3,
2020-03-10,South Africa,4,,7,
2020-03-11,South Africa,0,,7,
2020-03-12,South Africa,6,,13,
2020-03-13,South Africa,4,,17,
2020-03-14,South Africa,0,,17,
2020-03-15,South Africa,21,,38,
2020-03-16,South Africa,13,,51,
2020-03-17,South Africa,11,,62,
2020-02-01,Spain,,,1,
2020-02-02,Spain,0,,1,
2020-02-03,Spain,0,,1,
2020-02-04,Spain,0,,1,
2020-02-05,Spain,0,,1,
2020-02-06,Spain,0,,1,
2020-02-07,Spain,0,,1,
2020-02-08,Spain,0,,1,
2020-02-09,Spain,0,,1,
2020-02-10,Spain,1,,2,
2020-02-11,Spain,0,,2,
2020-02-12,Spain,0,,2,
2020-02-13,Spain,0,,2,
2020-02-14,Spain,0,,2,
2020-02-15,Spain,0,,2,
2020-02-16,Spain,0,,2,
2020-02-17,Spain,0,,2,
2020-02-18,Spain,0,,2,
2020-02-19,Spain,0,,2,
2020-02-20,Spain,0,,2,
2020-02-21,Spain,0,,2,
2020-02-22,Spain,0,,2,
2020-02-23,Spain,0,,2,
2020-02-24,Spain,0,,2,
2020-02-25,Spain,0,,2,
2020-02-26,Spain,0,,2,
2020-02-27,Spain,10,,12,
2020-02-28,Spain,13,,25,
2020-02-29,Spain,7,,32,
2020-03-01,Spain,13,,45,
2020-03-02,Spain,0,,45,
2020-03-03,Spain,69,,114,
2020-03-04,Spain,37,,151,
2020-03-05,Spain,47,,198,1
2020-03-06,Spain,59,2,257,3
2020-03-07,Spain,117,2,374,5
2020-03-08,Spain,56,0,430,5
2020-03-09,Spain,159,5,589,10
2020-03-10,Spain,435,18,1024,28
2020-03-11,Spain,615,8,1639,36
2020-03-12,Spain,501,12,2140,48
2020-03-13,Spain,825,36,2965,84
2020-03-14,Spain,1266,36,4231,120
2020-03-15,Spain,1522,16,5753,136
2020-03-16,Spain,2000,152,7753,288
2020-03-17,Spain,1438,21,9191,309
2020-01-28,Sri Lanka,,,1,
2020-01-29,Sri Lanka,0,,1,
2020-01-30,Sri Lanka,0,,1,
2020-01-31,Sri Lanka,0,,1,
2020-02-01,Sri Lanka,0,,1,
2020-02-02,Sri Lanka,0,,1,
2020-02-03,Sri Lanka,0,,1,
2020-02-04,Sri Lanka,0,,1,
2020-02-05,Sri Lanka,0,,1,
2020-02-06,Sri Lanka,0,,1,
2020-02-07,Sri Lanka,0,,1,
2020-02-08,Sri Lanka,0,,1,
2020-02-09,Sri Lanka,0,,1,
2020-02-10,Sri Lanka,0,,1,
2020-02-11,Sri Lanka,0,,1,
2020-02-12,Sri Lanka,0,,1,
2020-02-13,Sri Lanka,0,,1,
2020-02-14,Sri Lanka,0,,1,
2020-02-15,Sri Lanka,0,,1,
2020-02-16,Sri Lanka,0,,1,
2020-02-17,Sri Lanka,0,,1,
2020-02-18,Sri Lanka,0,,1,
2020-02-19,Sri Lanka,0,,1,
2020-02-20,Sri Lanka,0,,1,
2020-02-21,Sri Lanka,0,,1,
2020-02-22,Sri Lanka,0,,1,
2020-02-23,Sri Lanka,0,,1,
2020-02-24,Sri Lanka,0,,1,
2020-02-25,Sri Lanka,0,,1,
2020-02-26,Sri Lanka,0,,1,
2020-02-27,Sri Lanka,0,,1,
2020-02-28,Sri Lanka,0,,1,
2020-02-29,Sri Lanka,0,,1,
2020-03-01,Sri Lanka,0,,1,
2020-03-02,Sri Lanka,0,,1,
2020-03-03,Sri Lanka,0,,1,
2020-03-04,Sri Lanka,0,,1,
2020-03-05,Sri Lanka,0,,1,
2020-03-06,Sri Lanka,0,,1,
2020-03-07,Sri Lanka,0,,1,
2020-03-08,Sri Lanka,0,,1,
2020-03-09,Sri Lanka,0,,1,
2020-03-10,Sri Lanka,0,,1,
2020-03-11,Sri Lanka,0,,1,
2020-03-12,Sri Lanka,1,,2,
2020-03-13,Sri Lanka,1,,3,
2020-03-14,Sri Lanka,3,,6,
2020-03-15,Sri Lanka,5,,11,
2020-03-16,Sri Lanka,8,,19,
2020-03-17,Sri Lanka,10,,29,
2020-03-14,Sudan,,,1,
2020-03-15,Sudan,0,,1,
2020-03-16,Sudan,0,,1,1
2020-03-17,Sudan,1,0,2,1
2020-03-16,Suriname,,,1,
2020-03-17,Suriname,0,,1,
2020-02-01,Sweden,,,1,
2020-02-02,Sweden,0,,1,
2020-02-03,Sweden,0,,1,
2020-02-04,Sweden,0,,1,
2020-02-05,Sweden,0,,1,
2020-02-06,Sweden,0,,1,
2020-02-07,Sweden,0,,1,
2020-02-08,Sweden,0,,1,
2020-02-09,Sweden,0,,1,
2020-02-10,Sweden,0,,1,
2020-02-11,Sweden,0,,1,
2020-02-12,Sweden,0,,1,
2020-02-13,Sweden,0,,1,
2020-02-14,Sweden,0,,1,
2020-02-15,Sweden,0,,1,
2020-02-16,Sweden,0,,1,
2020-02-17,Sweden,0,,1,
2020-02-18,Sweden,0,,1,
2020-02-19,Sweden,0,,1,
2020-02-20,Sweden,0,,1,
2020-02-21,Sweden,0,,1,
2020-02-22,Sweden,0,,1,
2020-02-23,Sweden,0,,1,
2020-02-24,Sweden,0,,1,
2020-02-25,Sweden,0,,1,
2020-02-26,Sweden,0,,1,
2020-02-27,Sweden,1,,2,
2020-02-28,Sweden,5,,7,
2020-02-29,Sweden,5,,12,
2020-03-01,Sweden,1,,13,
2020-03-02,Sweden,1,,14,
2020-03-03,Sweden,1,,15,
2020-03-04,Sweden,9,,24,
2020-03-05,Sweden,11,,35,
2020-03-06,Sweden,26,,61,
2020-03-07,Sweden,76,,137,
2020-03-08,Sweden,24,,161,
2020-03-09,Sweden,42,,203,
2020-03-10,Sweden,45,,248,
2020-03-11,Sweden,78,,326,
2020-03-12,Sweden,135,,461,
2020-03-13,Sweden,159,,620,
2020-03-14,Sweden,155,,775,
2020-03-15,Sweden,149,,924,
2020-03-16,Sweden,68,,992,3
2020-03-17,Sweden,67,0,1059,3
2020-02-26,Switzerland,,,1,
2020-02-27,Switzerland,0,,1,
2020-02-28,Switzerland,5,,6,
2020-02-29,Switzerland,4,,10,
2020-03-01,Switzerland,8,,18,
2020-03-02,Switzerland,6,,24,
2020-03-03,Switzerland,6,,30,
2020-03-04,Switzerland,7,,37,
2020-03-05,Switzerland,19,,56,
2020-03-06,Switzerland,30,,86,1
2020-03-07,Switzerland,123,0,209,1
2020-03-08,Switzerland,55,1,264,2
2020-03-09,Switzerland,68,0,332,2
2020-03-10,Switzerland,0,0,332,2
2020-03-11,Switzerland,159,1,491,3
2020-03-12,Switzerland,154,1,645,4
2020-03-13,Switzerland,213,2,858,6
2020-03-14,Switzerland,267,0,1125,6
2020-03-15,Switzerland,234,5,1359,11
2020-03-16,Switzerland,841,2,2200,13
2020-03-17,Switzerland,0,1,2200,14
2020-01-21,Thailand,,,2,
2020-01-22,Thailand,0,,2,
2020-01-23,Thailand,2,,4,
2020-01-24,Thailand,0,,4,
2020-01-25,Thailand,0,,4,
2020-01-26,Thailand,1,,5,
2020-01-27,Thailand,0,,5,
2020-01-28,Thailand,9,,14,
2020-01-29,Thailand,0,,14,
2020-01-30,Thailand,0,,14,
2020-01-31,Thailand,0,,14,
2020-02-01,Thailand,5,,19,
2020-02-02,Thailand,0,,19,
2020-02-03,Thailand,0,,19,
2020-02-04,Thailand,0,,19,
2020-02-05,Thailand,6,,25,
2020-02-06,Thailand,0,,25,
2020-02-07,Thailand,0,,25,
2020-02-08,Thailand,7,,32,
2020-02-09,Thailand,0,,32,
2020-02-10,Thailand,0,,32,
2020-02-11,Thailand,1,,33,
2020-02-12,Thailand,0,,33,
2020-02-13,Thailand,0,,33,
2020-02-14,Thailand,0,,33,
2020-02-15,Thailand,1,,34,
2020-02-16,Thailand,0,,34,
2020-02-17,Thailand,1,,35,
2020-02-18,Thailand,0,,35,
2020-02-19,Thailand,0,,35,
2020-02-20,Thailand,0,,35,
2020-02-21,Thailand,0,,35,
2020-02-22,Thailand,0,,35,
2020-02-23,Thailand,0,,35,
2020-02-24,Thailand,0,,35,
2020-02-25,Thailand,2,,37,
2020-02-26,Thailand,3,,40,
2020-02-27,Thailand,0,,40,
2020-02-28,Thailand,0,,40,
2020-02-29,Thailand,2,,42,
2020-03-01,Thailand,0,,42,
2020-03-02,Thailand,0,,42,1
2020-03-03,Thailand,1,0,43,1
2020-03-04,Thailand,0,0,43,1
2020-03-05,Thailand,4,0,47,1
2020-03-06,Thailand,0,0,47,1
2020-03-07,Thailand,1,0,48,1
2020-03-08,Thailand,2,0,50,1
2020-03-09,Thailand,0,0,50,1
2020-03-10,Thailand,3,0,53,1
2020-03-11,Thailand,6,0,59,1
2020-03-12,Thailand,11,0,70,1
2020-03-13,Thailand,5,0,75,1
2020-03-14,Thailand,0,0,75,1
2020-03-15,Thailand,0,0,75,1
2020-03-16,Thailand,39,0,114,1
2020-03-17,Thailand,33,0,147,1
2020-02-01,United Kingdom,,,2,
2020-02-02,United Kingdom,0,,2,
2020-02-03,United Kingdom,0,,2,
2020-02-04,United Kingdom,0,,2,
2020-02-05,United Kingdom,0,,2,
2020-02-06,United Kingdom,0,,2,
2020-02-07,United Kingdom,1,,3,
2020-02-08,United Kingdom,0,,3,
2020-02-09,United Kingdom,0,,3,
2020-02-10,United Kingdom,1,,4,
2020-02-11,United Kingdom,4,,8,
2020-02-12,United Kingdom,0,,8,
2020-02-13,United Kingdom,1,,9,
2020-02-14,United Kingdom,0,,9,
2020-02-15,United Kingdom,0,,9,
2020-02-16,United Kingdom,0,,9,
2020-02-17,United Kingdom,0,,9,
2020-02-18,United Kingdom,0,,9,
2020-02-19,United Kingdom,0,,9,
2020-02-20,United Kingdom,0,,9,
2020-02-21,United Kingdom,0,,9,
2020-02-22,United Kingdom,0,,9,
2020-02-23,United Kingdom,0,,9,
2020-02-24,United Kingdom,0,,9,
2020-02-25,United Kingdom,4,,13,
2020-02-26,United Kingdom,0,,13,
2020-02-27,United Kingdom,0,,13,
2020-02-28,United Kingdom,3,,16,
2020-02-29,United Kingdom,4,,20,
2020-03-01,United Kingdom,3,,23,
2020-03-02,United Kingdom,13,,36,
2020-03-03,United Kingdom,3,,39,
2020-03-04,United Kingdom,12,,51,
2020-03-05,United Kingdom,38,,89,
2020-03-06,United Kingdom,29,,118,
2020-03-07,United Kingdom,49,,167,1
2020-03-08,United Kingdom,43,1,210,2
2020-03-09,United Kingdom,67,0,277,2
2020-03-10,United Kingdom,46,1,323,3
2020-03-11,United Kingdom,50,3,373,6
2020-03-12,United Kingdom,87,0,460,6
2020-03-13,United Kingdom,134,2,594,8
2020-03-14,United Kingdom,208,2,802,10
2020-03-15,United Kingdom,342,11,1144,21
2020-03-16,United Kingdom,251,14,1395,35
2020-03-17,United Kingdom,152,20,1547,55
2020-03-07,Togo,,,1,
2020-03-08,Togo,0,,1,
2020-03-09,Togo,0,,1,
2020-03-10,Togo,0,,1,
2020-03-11,Togo,0,,1,
2020-03-12,Togo,0,,1,
2020-03-13,Togo,0,,1,
2020-03-14,Togo,0,,1,
2020-03-15,Togo,0,,1,
2020-03-16,Togo,0,,1,
2020-03-17,Togo,0,,1,
2020-03-14,Trinidad and Tobago,,,1,
2020-03-15,Trinidad and Tobago,0,,1,
2020-03-16,Trinidad and Tobago,1,,2,
2020-03-17,Trinidad and Tobago,3,,5,
2020-03-03,Tunisia,,,1,
2020-03-04,Tunisia,0,,1,
2020-03-05,Tunisia,0,,1,
2020-03-06,Tunisia,0,,1,
2020-03-07,Tunisia,0,,1,
2020-03-08,Tunisia,0,,1,
2020-03-09,Tunisia,1,,2,
2020-03-10,Tunisia,0,,2,
2020-03-11,Tunisia,4,,6,
2020-03-12,Tunisia,0,,6,
2020-03-13,Tunisia,1,,7,
2020-03-14,Tunisia,9,,16,
2020-03-15,Tunisia,0,,16,
2020-03-16,Tunisia,2,,18,
2020-03-17,Tunisia,2,,20,
2020-03-12,Turkey,,,1,
2020-03-13,Turkey,0,,1,
2020-03-14,Turkey,4,,5,
2020-03-15,Turkey,0,,5,
2020-03-16,Turkey,0,,5,
2020-03-17,Turkey,42,,47,
2020-03-04,Ukraine,,,1,
2020-03-05,Ukraine,0,,1,
2020-03-06,Ukraine,0,,1,
2020-03-07,Ukraine,0,,1,
2020-03-08,Ukraine,0,,1,
2020-03-09,Ukraine,0,,1,
2020-03-10,Ukraine,0,,1,
2020-03-11,Ukraine,0,,1,
2020-03-12,Ukraine,0,,1,
2020-03-13,Ukraine,2,,3,
2020-03-14,Ukraine,0,,3,1
2020-03-15,Ukraine,0,0,3,1
2020-03-16,Ukraine,0,0,3,1
2020-03-17,Ukraine,4,0,7,1
2020-01-29,United Arab Emirates,,,4,
2020-01-30,United Arab Emirates,0,,4,
2020-01-31,United Arab Emirates,0,,4,
2020-02-01,United Arab Emirates,0,,4,
2020-02-02,United Arab Emirates,1,,5,
2020-02-03,United Arab Emirates,0,,5,
2020-02-04,United Arab Emirates,0,,5,
2020-02-05,United Arab Emirates,0,,5,
2020-02-06,United Arab Emirates,0,,5,
2020-02-07,United Arab Emirates,0,,5,
2020-02-08,United Arab Emirates,2,,7,
2020-02-09,United Arab Emirates,0,,7,
2020-02-10,United Arab Emirates,0,,7,
2020-02-11,United Arab Emirates,1,,8,
2020-02-12,United Arab Emirates,0,,8,
2020-02-13,United Arab Emirates,0,,8,
2020-02-14,United Arab Emirates,0,,8,
2020-02-15,United Arab Emirates,0,,8,
2020-02-16,United Arab Emirates,0,,8,
2020-02-17,United Arab Emirates,1,,9,
2020-02-18,United Arab Emirates,0,,9,
2020-02-19,United Arab Emirates,0,,9,
2020-02-20,United Arab Emirates,0,,9,
2020-02-21,United Arab Emirates,0,,9,
2020-02-22,United Arab Emirates,2,,11,
2020-02-23,United Arab Emirates,2,,13,
2020-02-24,United Arab Emirates,0,,13,
2020-02-25,United Arab Emirates,0,,13,
2020-02-26,United Arab Emirates,0,,13,
2020-02-27,United Arab Emirates,0,,13,
2020-02-28,United Arab Emirates,6,,19,
2020-02-29,United Arab Emirates,0,,19,
2020-03-01,United Arab Emirates,0,,19,
2020-03-02,United Arab Emirates,2,,21,
2020-03-03,United Arab Emirates,0,,21,
2020-03-04,United Arab Emirates,6,,27,
2020-03-05,United Arab Emirates,0,,27,
2020-03-06,United Arab Emirates,0,,27,
2020-03-07,United Arab Emirates,18,,45,
2020-03-08,United Arab Emirates,0,,45,
2020-03-09,United Arab Emirates,0,,45,
2020-03-10,United Arab Emirates,14,,59,
2020-03-11,United Arab Emirates,15,,74,
2020-03-12,United Arab Emirates,0,,74,
2020-03-13,United Arab Emirates,11,,85,
2020-03-14,United Arab Emirates,0,,85,
2020-03-15,United Arab Emirates,0,,85,
2020-03-16,United Arab Emirates,13,,98,
2020-03-17,United Arab Emirates,0,,98,
2020-03-17,Tanzania,,,1,
2020-03-17,United States Virgin Islands,,,2,
2020-01-23,United States,,,1,
2020-01-24,United States,0,,1,
2020-01-25,United States,1,,2,
2020-01-26,United States,0,,2,
2020-01-27,United States,3,,5,
2020-01-28,United States,0,,5,
2020-01-29,United States,0,,5,
2020-01-30,United States,0,,5,
2020-01-31,United States,1,,6,
2020-02-01,United States,1,,7,
2020-02-02,United States,1,,8,
2020-02-03,United States,3,,11,
2020-02-04,United States,0,,11,
2020-02-05,United States,0,,11,
2020-02-06,United States,1,,12,
2020-02-07,United States,0,,12,
2020-02-08,United States,0,,12,
2020-02-09,United States,0,,12,
2020-02-10,United States,0,,12,
2020-02-11,United States,1,,13,
2020-02-12,United States,0,,13,
2020-02-13,United States,1,,14,
2020-02-14,United States,1,,15,
2020-02-15,United States,0,,15,
2020-02-16,United States,0,,15,
2020-02-17,United States,0,,15,
2020-02-18,United States,0,,15,
2020-02-19,United States,0,,15,
2020-02-20,United States,0,,15,
2020-02-21,United States,0,,15,
2020-02-22,United States,20,,35,
2020-02-23,United States,0,,35,
2020-02-24,United States,0,,35,
2020-02-25,United States,18,,53,
2020-02-26,United States,0,,53,
2020-02-27,United States,6,,59,
2020-02-28,United States,0,,59,
2020-02-29,United States,3,,62,
2020-03-01,United States,0,,62,
2020-03-02,United States,0,,62,
2020-03-03,United States,2,,64,2
2020-03-04,United States,44,4,108,6
2020-03-05,United States,21,3,129,9
2020-03-06,United States,19,1,148,10
2020-03-07,United States,65,1,213,11
2020-03-08,United States,0,0,213,11
2020-03-09,United States,0,0,213,11
2020-03-10,United States,259,8,472,19
2020-03-11,United States,224,6,696,25
2020-03-12,United States,291,4,987,29
2020-03-13,United States,277,7,1264,36
2020-03-14,United States,414,5,1678,41
2020-03-15,United States,0,0,1678,41
2020-03-16,United States,0,0,1678,41
2020-03-17,United States,1825,17,3503,58
2020-03-16,Uruguay,,,4,
2020-03-17,Uruguay,2,,6,
2020-03-16,Uzbekistan,,,4,
2020-03-17,Uzbekistan,0,,4,
2020-03-14,Venezuela,,,2,
2020-03-15,Venezuela,0,,2,
2020-03-16,Venezuela,0,,2,
2020-03-17,Venezuela,31,,33,
2020-01-24,Vietnam,,,2,
2020-01-25,Vietnam,0,,2,
2020-01-26,Vietnam,0,,2,
2020-01-27,Vietnam,0,,2,
2020-01-28,Vietnam,0,,2,
2020-01-29,Vietnam,0,,2,
2020-01-30,Vietnam,0,,2,
2020-01-31,Vietnam,3,,5,
2020-02-01,Vietnam,1,,6,
2020-02-02,Vietnam,1,,7,
2020-02-03,Vietnam,1,,8,
2020-02-04,Vietnam,1,,9,
2020-02-05,Vietnam,1,,10,
2020-02-06,Vietnam,0,,10,
2020-02-07,Vietnam,2,,12,
2020-02-08,Vietnam,1,,13,
2020-02-09,Vietnam,1,,14,
2020-02-10,Vietnam,0,,14,
2020-02-11,Vietnam,1,,15,
2020-02-12,Vietnam,0,,15,
2020-02-13,Vietnam,1,,16,
2020-02-14,Vietnam,0,,16,
2020-02-15,Vietnam,0,,16,
2020-02-16,Vietnam,0,,16,
2020-02-17,Vietnam,0,,16,
2020-02-18,Vietnam,0,,16,
2020-02-19,Vietnam,0,,16,
2020-02-20,Vietnam,0,,16,
2020-02-21,Vietnam,0,,16,
2020-02-22,Vietnam,0,,16,
2020-02-23,Vietnam,0,,16,
2020-02-24,Vietnam,0,,16,
2020-02-25,Vietnam,0,,16,
2020-02-26,Vietnam,0,,16,
2020-02-27,Vietnam,0,,16,
2020-02-28,Vietnam,0,,16,
2020-02-29,Vietnam,0,,16,
2020-03-01,Vietnam,0,,16,
2020-03-02,Vietnam,0,,16,
2020-03-03,Vietnam,0,,16,
2020-03-04,Vietnam,0,,16,
2020-03-05,Vietnam,0,,16,
2020-03-06,Vietnam,0,,16,
2020-03-07,Vietnam,1,,17,
2020-03-08,Vietnam,4,,21,
2020-03-09,Vietnam,9,,30,
2020-03-10,Vietnam,1,,31,
2020-03-11,Vietnam,4,,35,
2020-03-12,Vietnam,4,,39,
2020-03-13,Vietnam,0,,39,
2020-03-14,Vietnam,9,,48,
2020-03-15,Vietnam,5,,53,
2020-03-16,Vietnam,4,,57,
2020-03-17,Vietnam,4,,61,
2020-01-21,World,0,0,282,6
2020-01-22,World,32,0,314,6
2020-01-23,World,266,11,581,17
2020-01-24,World,262,8,846,25
2020-01-25,World,467,16,1320,41
2020-01-26,World,691,15,2014,56
2020-01-27,World,783,24,2798,80
2020-01-28,World,1792,26,4593,106
2020-01-29,World,1468,26,6065,132
2020-01-30,World,1750,38,7818,170
2020-01-31,World,2006,43,9826,213
2020-02-01,World,2121,46,11953,259
2020-02-02,World,2604,45,14557,305
2020-02-03,World,2834,57,17391,362
2020-02-04,World,3239,64,20630,426
2020-02-05,World,3913,66,24544,492
2020-02-06,World,3712,73,28276,565
2020-02-07,World,3205,73,31481,638
2020-02-08,World,3405,86,34886,724
2020-02-09,World,2672,89,37558,813
2020-02-10,World,2996,97,40554,910
2020-02-11,World,2549,108,43103,1018
2020-02-12,World,2068,97,45171,1115
2020-02-13,World,1826,254,46997,1369
2020-02-14,World,2056,13,49053,1383
2020-02-15,World,1526,143,50580,1526
2020-02-16,World,1277,142,51857,1669
2020-02-17,World,19572,106,71429,1775
2020-02-18,World,1903,98,73332,1873
2020-02-19,World,1872,136,75204,2009
2020-02-20,World,542,115,75748,2129
2020-02-21,World,1021,118,76769,2247
2020-02-22,World,1023,112,77794,2359
2020-02-23,World,1017,102,78811,2463
2020-02-24,World,517,155,79331,2618
2020-02-25,World,896,82,80239,2700
2020-02-26,World,864,62,81109,2762
2020-02-27,World,1175,42,82294,2804
2020-02-28,World,1353,54,83652,2858
2020-02-29,World,1748,66,85403,2924
2020-03-01,World,1727,53,87137,2977
2020-03-02,World,1801,64,88948,3043
2020-03-03,World,1912,67,90869,3112
2020-03-04,World,2217,86,93090,3198
2020-03-05,World,2220,79,95324,3280
2020-03-06,World,2864,99,98192,3380
2020-03-07,World,3730,104,101927,3486
2020-03-08,World,3644,96,105592,3584
2020-03-09,World,3979,224,109577,3809
2020-03-10,World,4119,201,113702,4012
2020-03-11,World,4611,275,118319,4292
2020-03-12,World,6936,317,125260,4613
2020-03-13,World,7488,338,132758,4956
2020-03-14,World,9761,433,142534,5392
2020-03-15,World,10967,343,153517,5735
2020-03-16,World,13971,855,167506,6606
2020-03-17,World,11594,819,179112,7426
